month,keyword,source,search_volume
2019-Jan,买房,PC端,1914
2019-Jan,买房,移动端,2646
2019-Jan,二手房市场,PC端,192
2019-Jan,二手房市场,移动端,204
2019-Jan,公积金,PC端,9160
2019-Jan,公积金,移动端,6925
2019-Jan,利率上调,PC端,80
2019-Jan,利率上调,移动端,0
2019-Jan,去库存,PC端,800
2019-Jan,去库存,移动端,625
2019-Jan,取消限购,PC端,415
2019-Jan,取消限购,移动端,590
2019-Jan,契税,PC端,1680
2019-Jan,契税,移动端,1985
2019-Jan,学区房,PC端,1020
2019-Jan,学区房,移动端,1680
2019-Jan,安置,PC端,370
2019-Jan,安置,移动端,755
2019-Jan,房产税,PC端,2508
2019-Jan,房产税,移动端,2766
2019-Jan,房价,PC端,2382
2019-Jan,房价,移动端,4314
2019-Jan,房价上涨,PC端,144
2019-Jan,房价上涨,移动端,444
2019-Jan,房价下跌,PC端,1104
2019-Jan,房价下跌,移动端,1878
2019-Jan,房价调控,PC端,144
2019-Jan,房价调控,移动端,144
2019-Jan,房价走势,PC端,798
2019-Jan,房价走势,移动端,2646
2019-Jan,房地产开发,PC端,960
2019-Jan,房地产开发,移动端,648
2019-Jan,房地产税,PC端,1070
2019-Jan,房地产税,移动端,1460
2019-Jan,房屋装修,PC端,810
2019-Jan,房屋装修,移动端,1440
2019-Jan,房贷,PC端,1902
2019-Jan,房贷,移动端,2700
2019-Jan,棚户区,PC端,970
2019-Jan,棚户区,移动端,1215
2019-Jan,棚户区改造,PC端,860
2019-Jan,棚户区改造,移动端,1390
2019-Jan,租购,PC端,0
2019-Jan,租购,移动端,0
2019-Jan,税费,PC端,915
2019-Jan,税费,移动端,910
2019-Jan,落户,PC端,555
2019-Jan,落户,移动端,900
2019-Jan,融资,PC端,1460
2019-Jan,融资,移动端,2150
2019-Jan,购房,PC端,1164
2019-Jan,购房,移动端,1230
2019-Jan,贷款利率,PC端,2034
2019-Jan,贷款利率,移动端,3432
2019-Jan,限售,PC端,455
2019-Jan,限售,移动端,165
2019-Jan,限购,PC端,1068
2019-Jan,限购,移动端,1128
2019-Jan,首付,PC端,1164
2019-Jan,首付,移动端,1512
2019-Feb,买房,PC端,2394
2019-Feb,买房,移动端,3504
2019-Feb,二手房市场,PC端,144
2019-Feb,二手房市场,移动端,396
2019-Feb,公积金,PC端,6505
2019-Feb,公积金,移动端,6570
2019-Feb,利率上调,PC端,0
2019-Feb,利率上调,移动端,0
2019-Feb,去库存,PC端,670
2019-Feb,去库存,移动端,415
2019-Feb,取消限购,PC端,390
2019-Feb,取消限购,移动端,745
2019-Feb,契税,PC端,1520
2019-Feb,契税,移动端,1985
2019-Feb,学区房,PC端,1110
2019-Feb,学区房,移动端,1848
2019-Feb,安置,PC端,420
2019-Feb,安置,移动端,705
2019-Feb,房产税,PC端,2568
2019-Feb,房产税,移动端,3162
2019-Feb,房价,PC端,2478
2019-Feb,房价,移动端,5268
2019-Feb,房价上涨,PC端,516
2019-Feb,房价上涨,移动端,978
2019-Feb,房价下跌,PC端,972
2019-Feb,房价下跌,移动端,2148
2019-Feb,房价调控,PC端,294
2019-Feb,房价调控,移动端,192
2019-Feb,房价走势,PC端,1020
2019-Feb,房价走势,移动端,2556
2019-Feb,房地产开发,PC端,852
2019-Feb,房地产开发,移动端,918
2019-Feb,房地产税,PC端,1240
2019-Feb,房地产税,移动端,1540
2019-Feb,房屋装修,PC端,1044
2019-Feb,房屋装修,移动端,1752
2019-Feb,房贷,PC端,2004
2019-Feb,房贷,移动端,3420
2019-Feb,棚户区,PC端,985
2019-Feb,棚户区,移动端,1050
2019-Feb,棚户区改造,PC端,870
2019-Feb,棚户区改造,移动端,1415
2019-Feb,租购,PC端,0
2019-Feb,租购,移动端,0
2019-Feb,税费,PC端,735
2019-Feb,税费,移动端,720
2019-Feb,落户,PC端,715
2019-Feb,落户,移动端,940
2019-Feb,融资,PC端,1290
2019-Feb,融资,移动端,2350
2019-Feb,购房,PC端,1056
2019-Feb,购房,移动端,1260
2019-Feb,贷款利率,PC端,1878
2019-Feb,贷款利率,移动端,3798
2019-Feb,限售,PC端,245
2019-Feb,限售,移动端,245
2019-Feb,限购,PC端,1182
2019-Feb,限购,移动端,1362
2019-Feb,首付,PC端,1170
2019-Feb,首付,移动端,1626
2019-Mar,买房,PC端,2412
2019-Mar,买房,移动端,3408
2019-Mar,二手房市场,PC端,246
2019-Mar,二手房市场,移动端,348
2019-Mar,公积金,PC端,7495
2019-Mar,公积金,移动端,8710
2019-Mar,利率上调,PC端,125
2019-Mar,利率上调,移动端,0
2019-Mar,去库存,PC端,965
2019-Mar,去库存,移动端,835
2019-Mar,取消限购,PC端,245
2019-Mar,取消限购,移动端,455
2019-Mar,契税,PC端,2130
2019-Mar,契税,移动端,2415
2019-Mar,学区房,PC端,1596
2019-Mar,学区房,移动端,1908
2019-Mar,安置,PC端,540
2019-Mar,安置,移动端,920
2019-Mar,房产税,PC端,5676
2019-Mar,房产税,移动端,6792
2019-Mar,房价,PC端,2598
2019-Mar,房价,移动端,4524
2019-Mar,房价上涨,PC端,654
2019-Mar,房价上涨,移动端,870
2019-Mar,房价下跌,PC端,888
2019-Mar,房价下跌,移动端,1674
2019-Mar,房价调控,PC端,150
2019-Mar,房价调控,移动端,0
2019-Mar,房价走势,PC端,1302
2019-Mar,房价走势,移动端,3168
2019-Mar,房地产开发,PC端,1044
2019-Mar,房地产开发,移动端,1122
2019-Mar,房地产税,PC端,2775
2019-Mar,房地产税,移动端,3575
2019-Mar,房屋装修,PC端,1218
2019-Mar,房屋装修,移动端,1746
2019-Mar,房贷,PC端,2154
2019-Mar,房贷,移动端,3498
2019-Mar,棚户区,PC端,990
2019-Mar,棚户区,移动端,1190
2019-Mar,棚户区改造,PC端,1095
2019-Mar,棚户区改造,移动端,1245
2019-Mar,租购,PC端,0
2019-Mar,租购,移动端,0
2019-Mar,税费,PC端,970
2019-Mar,税费,移动端,1025
2019-Mar,落户,PC端,990
2019-Mar,落户,移动端,980
2019-Mar,融资,PC端,1970
2019-Mar,融资,移动端,3070
2019-Mar,购房,PC端,1230
2019-Mar,购房,移动端,1212
2019-Mar,贷款利率,PC端,2268
2019-Mar,贷款利率,移动端,4434
2019-Mar,限售,PC端,620
2019-Mar,限售,移动端,160
2019-Mar,限购,PC端,1236
2019-Mar,限购,移动端,1218
2019-Mar,首付,PC端,1272
2019-Mar,首付,移动端,1614
2019-Apr,买房,PC端,2856
2019-Apr,买房,移动端,4008
2019-Apr,二手房市场,PC端,96
2019-Apr,二手房市场,移动端,240
2019-Apr,公积金,PC端,8370
2019-Apr,公积金,移动端,9775
2019-Apr,利率上调,PC端,40
2019-Apr,利率上调,移动端,0
2019-Apr,去库存,PC端,1005
2019-Apr,去库存,移动端,500
2019-Apr,取消限购,PC端,535
2019-Apr,取消限购,移动端,355
2019-Apr,契税,PC端,2445
2019-Apr,契税,移动端,3005
2019-Apr,学区房,PC端,1968
2019-Apr,学区房,移动端,2154
2019-Apr,安置,PC端,420
2019-Apr,安置,移动端,955
2019-Apr,房产税,PC端,3690
2019-Apr,房产税,移动端,4962
2019-Apr,房价,PC端,3138
2019-Apr,房价,移动端,5226
2019-Apr,房价上涨,PC端,540
2019-Apr,房价上涨,移动端,690
2019-Apr,房价下跌,PC端,1014
2019-Apr,房价下跌,移动端,2022
2019-Apr,房价调控,PC端,240
2019-Apr,房价调控,移动端,144
2019-Apr,房价走势,PC端,1770
2019-Apr,房价走势,移动端,4026
2019-Apr,房地产开发,PC端,1368
2019-Apr,房地产开发,移动端,1524
2019-Apr,房地产税,PC端,1745
2019-Apr,房地产税,移动端,2385
2019-Apr,房屋装修,PC端,1302
2019-Apr,房屋装修,移动端,2082
2019-Apr,房贷,PC端,2334
2019-Apr,房贷,移动端,3840
2019-Apr,棚户区,PC端,1305
2019-Apr,棚户区,移动端,1540
2019-Apr,棚户区改造,PC端,1230
2019-Apr,棚户区改造,移动端,1450
2019-Apr,租购,PC端,0
2019-Apr,租购,移动端,0
2019-Apr,税费,PC端,1195
2019-Apr,税费,移动端,1380
2019-Apr,落户,PC端,1495
2019-Apr,落户,移动端,1445
2019-Apr,融资,PC端,2365
2019-Apr,融资,移动端,3705
2019-Apr,购房,PC端,1494
2019-Apr,购房,移动端,1716
2019-Apr,贷款利率,PC端,2256
2019-Apr,贷款利率,移动端,5034
2019-Apr,限售,PC端,760
2019-Apr,限售,移动端,370
2019-Apr,限购,PC端,1212
2019-Apr,限购,移动端,1716
2019-Apr,首付,PC端,1536
2019-Apr,首付,移动端,1968
2019-May,买房,PC端,2160
2019-May,买房,移动端,3234
2019-May,二手房市场,PC端,252
2019-May,二手房市场,移动端,294
2019-May,公积金,PC端,6445
2019-May,公积金,移动端,7890
2019-May,利率上调,PC端,165
2019-May,利率上调,移动端,40
2019-May,去库存,PC端,500
2019-May,去库存,移动端,625
2019-May,取消限购,PC端,280
2019-May,取消限购,移动端,205
2019-May,契税,PC端,2020
2019-May,契税,移动端,3055
2019-May,学区房,PC端,1482
2019-May,学区房,移动端,1950
2019-May,安置,PC端,365
2019-May,安置,移动端,630
2019-May,房产税,PC端,3222
2019-May,房产税,移动端,4620
2019-May,房价,PC端,2496
2019-May,房价,移动端,3972
2019-May,房价上涨,PC端,540
2019-May,房价上涨,移动端,450
2019-May,房价下跌,PC端,738
2019-May,房价下跌,移动端,1230
2019-May,房价调控,PC端,246
2019-May,房价调控,移动端,96
2019-May,房价走势,PC端,1416
2019-May,房价走势,移动端,2940
2019-May,房地产开发,PC端,1002
2019-May,房地产开发,移动端,1326
2019-May,房地产税,PC端,1345
2019-May,房地产税,移动端,1740
2019-May,房屋装修,PC端,1062
2019-May,房屋装修,移动端,1560
2019-May,房贷,PC端,2034
2019-May,房贷,移动端,3186
2019-May,棚户区,PC端,985
2019-May,棚户区,移动端,1185
2019-May,棚户区改造,PC端,645
2019-May,棚户区改造,移动端,1085
2019-May,租购,PC端,0
2019-May,租购,移动端,0
2019-May,税费,PC端,590
2019-May,税费,移动端,1165
2019-May,落户,PC端,990
2019-May,落户,移动端,1185
2019-May,融资,PC端,1625
2019-May,融资,移动端,2975
2019-May,购房,PC端,1188
2019-May,购房,移动端,1404
2019-May,贷款利率,PC端,1872
2019-May,贷款利率,移动端,3804
2019-May,限售,PC端,365
2019-May,限售,移动端,205
2019-May,限购,PC端,702
2019-May,限购,移动端,1158
2019-May,首付,PC端,1200
2019-May,首付,移动端,1458
2019-Jun,买房,PC端,2100
2019-Jun,买房,移动端,3300
2019-Jun,二手房市场,PC端,348
2019-Jun,二手房市场,移动端,240
2019-Jun,公积金,PC端,6770
2019-Jun,公积金,移动端,7995
2019-Jun,利率上调,PC端,85
2019-Jun,利率上调,移动端,85
2019-Jun,去库存,PC端,710
2019-Jun,去库存,移动端,375
2019-Jun,取消限购,PC端,285
2019-Jun,取消限购,移动端,210
2019-Jun,契税,PC端,2095
2019-Jun,契税,移动端,3045
2019-Jun,学区房,PC端,1620
2019-Jun,学区房,移动端,2070
2019-Jun,安置,PC端,665
2019-Jun,安置,移动端,880
2019-Jun,房产税,PC端,2970
2019-Jun,房产税,移动端,4524
2019-Jun,房价,PC端,1890
2019-Jun,房价,移动端,3828
2019-Jun,房价上涨,PC端,240
2019-Jun,房价上涨,移动端,198
2019-Jun,房价下跌,PC端,1344
2019-Jun,房价下跌,移动端,1572
2019-Jun,房价调控,PC端,192
2019-Jun,房价调控,移动端,144
2019-Jun,房价走势,PC端,1350
2019-Jun,房价走势,移动端,2430
2019-Jun,房地产开发,PC端,708
2019-Jun,房地产开发,移动端,1212
2019-Jun,房地产税,PC端,1280
2019-Jun,房地产税,移动端,1560
2019-Jun,房屋装修,PC端,1146
2019-Jun,房屋装修,移动端,1614
2019-Jun,房贷,PC端,1716
2019-Jun,房贷,移动端,3156
2019-Jun,棚户区,PC端,1005
2019-Jun,棚户区,移动端,1190
2019-Jun,棚户区改造,PC端,505
2019-Jun,棚户区改造,移动端,840
2019-Jun,租购,PC端,0
2019-Jun,租购,移动端,0
2019-Jun,税费,PC端,870
2019-Jun,税费,移动端,1145
2019-Jun,落户,PC端,1015
2019-Jun,落户,移动端,1215
2019-Jun,融资,PC端,1560
2019-Jun,融资,移动端,2780
2019-Jun,购房,PC端,930
2019-Jun,购房,移动端,1308
2019-Jun,贷款利率,PC端,1866
2019-Jun,贷款利率,移动端,3996
2019-Jun,限售,PC端,170
2019-Jun,限售,移动端,125
2019-Jun,限购,PC端,960
2019-Jun,限购,移动端,1284
2019-Jun,首付,PC端,1182
2019-Jun,首付,移动端,1584
2019-Jul,买房,PC端,2736
2019-Jul,买房,移动端,4290
2019-Jul,二手房市场,PC端,246
2019-Jul,二手房市场,移动端,294
2019-Jul,公积金,PC端,10535
2019-Jul,公积金,移动端,11270
2019-Jul,利率上调,PC端,120
2019-Jul,利率上调,移动端,80
2019-Jul,去库存,PC端,925
2019-Jul,去库存,移动端,365
2019-Jul,取消限购,PC端,335
2019-Jul,取消限购,移动端,255
2019-Jul,契税,PC端,2605
2019-Jul,契税,移动端,3620
2019-Jul,学区房,PC端,2040
2019-Jul,学区房,移动端,2556
2019-Jul,安置,PC端,495
2019-Jul,安置,移动端,955
2019-Jul,房产税,PC端,3594
2019-Jul,房产税,移动端,5016
2019-Jul,房价,PC端,2322
2019-Jul,房价,移动端,4872
2019-Jul,房价上涨,PC端,198
2019-Jul,房价上涨,移动端,336
2019-Jul,房价下跌,PC端,1530
2019-Jul,房价下跌,移动端,1944
2019-Jul,房价调控,PC端,96
2019-Jul,房价调控,移动端,96
2019-Jul,房价走势,PC端,1836
2019-Jul,房价走势,移动端,3714
2019-Jul,房地产开发,PC端,1320
2019-Jul,房地产开发,移动端,1104
2019-Jul,房地产税,PC端,1570
2019-Jul,房地产税,移动端,1655
2019-Jul,房屋装修,PC端,1332
2019-Jul,房屋装修,移动端,1938
2019-Jul,房贷,PC端,2124
2019-Jul,房贷,移动端,3552
2019-Jul,棚户区,PC端,1225
2019-Jul,棚户区,移动端,1290
2019-Jul,棚户区改造,PC端,1000
2019-Jul,棚户区改造,移动端,1245
2019-Jul,租购,PC端,0
2019-Jul,租购,移动端,0
2019-Jul,税费,PC端,1145
2019-Jul,税费,移动端,1060
2019-Jul,落户,PC端,1110
2019-Jul,落户,移动端,1110
2019-Jul,融资,PC端,1995
2019-Jul,融资,移动端,2920
2019-Jul,购房,PC端,1578
2019-Jul,购房,移动端,1662
2019-Jul,贷款利率,PC端,2298
2019-Jul,贷款利率,移动端,4290
2019-Jul,限售,PC端,440
2019-Jul,限售,移动端,200
2019-Jul,限购,PC端,1302
2019-Jul,限购,移动端,1308
2019-Jul,首付,PC端,1536
2019-Jul,首付,移动端,1956
2019-Aug,买房,PC端,2112
2019-Aug,买房,移动端,3162
2019-Aug,二手房市场,PC端,96
2019-Aug,二手房市场,移动端,300
2019-Aug,公积金,PC端,6200
2019-Aug,公积金,移动端,7920
2019-Aug,利率上调,PC端,330
2019-Aug,利率上调,移动端,655
2019-Aug,去库存,PC端,625
2019-Aug,去库存,移动端,370
2019-Aug,取消限购,PC端,295
2019-Aug,取消限购,移动端,210
2019-Aug,契税,PC端,2005
2019-Aug,契税,移动端,2685
2019-Aug,学区房,PC端,1554
2019-Aug,学区房,移动端,1926
2019-Aug,安置,PC端,500
2019-Aug,安置,移动端,625
2019-Aug,房产税,PC端,2832
2019-Aug,房产税,移动端,3726
2019-Aug,房价,PC端,2022
2019-Aug,房价,移动端,4662
2019-Aug,房价上涨,PC端,492
2019-Aug,房价上涨,移动端,396
2019-Aug,房价下跌,PC端,972
2019-Aug,房价下跌,移动端,1542
2019-Aug,房价调控,PC端,96
2019-Aug,房价调控,移动端,96
2019-Aug,房价走势,PC端,1698
2019-Aug,房价走势,移动端,3696
2019-Aug,房地产开发,PC端,852
2019-Aug,房地产开发,移动端,990
2019-Aug,房地产税,PC端,1180
2019-Aug,房地产税,移动端,1330
2019-Aug,房屋装修,PC端,1098
2019-Aug,房屋装修,移动端,1710
2019-Aug,房贷,PC端,2148
2019-Aug,房贷,移动端,3216
2019-Aug,棚户区,PC端,895
2019-Aug,棚户区,移动端,1110
2019-Aug,棚户区改造,PC端,760
2019-Aug,棚户区改造,移动端,730
2019-Aug,租购,PC端,0
2019-Aug,租购,移动端,0
2019-Aug,税费,PC端,675
2019-Aug,税费,移动端,975
2019-Aug,落户,PC端,720
2019-Aug,落户,移动端,810
2019-Aug,融资,PC端,1525
2019-Aug,融资,移动端,2260
2019-Aug,购房,PC端,1068
2019-Aug,购房,移动端,1236
2019-Aug,贷款利率,PC端,2322
2019-Aug,贷款利率,移动端,3714
2019-Aug,限售,PC端,160
2019-Aug,限售,移动端,120
2019-Aug,限购,PC端,864
2019-Aug,限购,移动端,1284
2019-Aug,首付,PC端,1242
2019-Aug,首付,移动端,1548
2019-Sep,买房,PC端,2670
2019-Sep,买房,移动端,4128
2019-Sep,二手房市场,PC端,198
2019-Sep,二手房市场,移动端,204
2019-Sep,公积金,PC端,6085
2019-Sep,公积金,移动端,7580
2019-Sep,利率上调,PC端,590
2019-Sep,利率上调,移动端,1160
2019-Sep,去库存,PC端,665
2019-Sep,去库存,移动端,530
2019-Sep,取消限购,PC端,415
2019-Sep,取消限购,移动端,420
2019-Sep,契税,PC端,2055
2019-Sep,契税,移动端,2990
2019-Sep,学区房,PC端,1794
2019-Sep,学区房,移动端,2310
2019-Sep,安置,PC端,330
2019-Sep,安置,移动端,1015
2019-Sep,房产税,PC端,2976
2019-Sep,房产税,移动端,3966
2019-Sep,房价,PC端,2388
2019-Sep,房价,移动端,5634
2019-Sep,房价上涨,PC端,492
2019-Sep,房价上涨,移动端,492
2019-Sep,房价下跌,PC端,486
2019-Sep,房价下跌,移动端,1698
2019-Sep,房价调控,PC端,240
2019-Sep,房价调控,移动端,198
2019-Sep,房价走势,PC端,1974
2019-Sep,房价走势,移动端,4296
2019-Sep,房地产开发,PC端,996
2019-Sep,房地产开发,移动端,1068
2019-Sep,房地产税,PC端,940
2019-Sep,房地产税,移动端,1605
2019-Sep,房屋装修,PC端,894
2019-Sep,房屋装修,移动端,1860
2019-Sep,房贷,PC端,2364
2019-Sep,房贷,移动端,4614
2019-Sep,棚户区,PC端,1055
2019-Sep,棚户区,移动端,1355
2019-Sep,棚户区改造,PC端,410
2019-Sep,棚户区改造,移动端,420
2019-Sep,租购,PC端,0
2019-Sep,租购,移动端,0
2019-Sep,税费,PC端,695
2019-Sep,税费,移动端,855
2019-Sep,落户,PC端,710
2019-Sep,落户,移动端,1225
2019-Sep,融资,PC端,1485
2019-Sep,融资,移动端,2925
2019-Sep,购房,PC端,1362
2019-Sep,购房,移动端,1470
2019-Sep,贷款利率,PC端,2316
2019-Sep,贷款利率,移动端,3714
2019-Sep,限售,PC端,120
2019-Sep,限售,移动端,40
2019-Sep,限购,PC端,1104
2019-Sep,限购,移动端,1470
2019-Sep,首付,PC端,1368
2019-Sep,首付,移动端,1968
2019-Oct,买房,PC端,2388
2019-Oct,买房,移动端,3126
2019-Oct,二手房市场,PC端,342
2019-Oct,二手房市场,移动端,198
2019-Oct,公积金,PC端,5595
2019-Oct,公积金,移动端,6860
2019-Oct,利率上调,PC端,40
2019-Oct,利率上调,移动端,80
2019-Oct,去库存,PC端,915
2019-Oct,去库存,移动端,505
2019-Oct,取消限购,PC端,450
2019-Oct,取消限购,移动端,370
2019-Oct,契税,PC端,1670
2019-Oct,契税,移动端,2610
2019-Oct,学区房,PC端,1578
2019-Oct,学区房,移动端,1848
2019-Oct,安置,PC端,495
2019-Oct,安置,移动端,770
2019-Oct,房产税,PC端,2448
2019-Oct,房产税,移动端,3426
2019-Oct,房价,PC端,2340
2019-Oct,房价,移动端,4488
2019-Oct,房价上涨,PC端,486
2019-Oct,房价上涨,移动端,240
2019-Oct,房价下跌,PC端,864
2019-Oct,房价下跌,移动端,1554
2019-Oct,房价调控,PC端,534
2019-Oct,房价调控,移动端,102
2019-Oct,房价走势,PC端,1782
2019-Oct,房价走势,移动端,3618
2019-Oct,房地产开发,PC端,942
2019-Oct,房地产开发,移动端,1020
2019-Oct,房地产税,PC端,1005
2019-Oct,房地产税,移动端,1270
2019-Oct,房屋装修,PC端,588
2019-Oct,房屋装修,移动端,1260
2019-Oct,房贷,PC端,1950
2019-Oct,房贷,移动端,3426
2019-Oct,棚户区,PC端,1080
2019-Oct,棚户区,移动端,1115
2019-Oct,棚户区改造,PC端,750
2019-Oct,棚户区改造,移动端,710
2019-Oct,租购,PC端,0
2019-Oct,租购,移动端,0
2019-Oct,税费,PC端,925
2019-Oct,税费,移动端,1060
2019-Oct,落户,PC端,335
2019-Oct,落户,移动端,900
2019-Oct,融资,PC端,1500
2019-Oct,融资,移动端,2475
2019-Oct,购房,PC端,1074
2019-Oct,购房,移动端,1182
2019-Oct,贷款利率,PC端,1716
2019-Oct,贷款利率,移动端,2916
2019-Oct,限售,PC端,120
2019-Oct,限售,移动端,160
2019-Oct,限购,PC端,1050
2019-Oct,限购,移动端,966
2019-Oct,首付,PC端,1236
2019-Oct,首付,移动端,1554
2019-Nov,买房,PC端,2226
2019-Nov,买房,移动端,2988
2019-Nov,二手房市场,PC端,198
2019-Nov,二手房市场,移动端,102
2019-Nov,公积金,PC端,5130
2019-Nov,公积金,移动端,5985
2019-Nov,利率上调,PC端,0
2019-Nov,利率上调,移动端,80
2019-Nov,去库存,PC端,810
2019-Nov,去库存,移动端,680
2019-Nov,取消限购,PC端,205
2019-Nov,取消限购,移动端,205
2019-Nov,契税,PC端,1605
2019-Nov,契税,移动端,2545
2019-Nov,学区房,PC端,1482
2019-Nov,学区房,移动端,1920
2019-Nov,安置,PC端,290
2019-Nov,安置,移动端,900
2019-Nov,房产税,PC端,2514
2019-Nov,房产税,移动端,3546
2019-Nov,房价,PC端,2556
2019-Nov,房价,移动端,4176
2019-Nov,房价上涨,PC端,642
2019-Nov,房价上涨,移动端,288
2019-Nov,房价下跌,PC端,1086
2019-Nov,房价下跌,移动端,1446
2019-Nov,房价调控,PC端,540
2019-Nov,房价调控,移动端,96
2019-Nov,房价走势,PC端,1740
2019-Nov,房价走势,移动端,3378
2019-Nov,房地产开发,PC端,906
2019-Nov,房地产开发,移动端,816
2019-Nov,房地产税,PC端,880
2019-Nov,房地产税,移动端,1355
2019-Nov,房屋装修,PC端,750
2019-Nov,房屋装修,移动端,1446
2019-Nov,房贷,PC端,1908
2019-Nov,房贷,移动端,2910
2019-Nov,棚户区,PC端,855
2019-Nov,棚户区,移动端,1110
2019-Nov,棚户区改造,PC端,460
2019-Nov,棚户区改造,移动端,540
2019-Nov,租购,PC端,0
2019-Nov,租购,移动端,0
2019-Nov,税费,PC端,820
2019-Nov,税费,移动端,945
2019-Nov,落户,PC端,410
2019-Nov,落户,移动端,1110
2019-Nov,融资,PC端,1745
2019-Nov,融资,移动端,2505
2019-Nov,购房,PC端,1140
2019-Nov,购房,移动端,1278
2019-Nov,贷款利率,PC端,1764
2019-Nov,贷款利率,移动端,2874
2019-Nov,限售,PC端,325
2019-Nov,限售,移动端,210
2019-Nov,限购,PC端,906
2019-Nov,限购,移动端,1086
2019-Nov,首付,PC端,1086
2019-Nov,首付,移动端,1554
2019-Dec,买房,PC端,2550
2019-Dec,买房,移动端,3462
2019-Dec,二手房市场,PC端,144
2019-Dec,二手房市场,移动端,54
2019-Dec,公积金,PC端,6160
2019-Dec,公积金,移动端,6890
2019-Dec,利率上调,PC端,0
2019-Dec,利率上调,移动端,0
2019-Dec,去库存,PC端,1010
2019-Dec,去库存,移动端,715
2019-Dec,取消限购,PC端,525
2019-Dec,取消限购,移动端,540
2019-Dec,契税,PC端,1555
2019-Dec,契税,移动端,3420
2019-Dec,学区房,PC端,1680
2019-Dec,学区房,移动端,2208
2019-Dec,安置,PC端,365
2019-Dec,安置,移动端,925
2019-Dec,房产税,PC端,2532
2019-Dec,房产税,移动端,4278
2019-Dec,房价,PC端,2754
2019-Dec,房价,移动端,4950
2019-Dec,房价上涨,PC端,252
2019-Dec,房价上涨,移动端,144
2019-Dec,房价下跌,PC端,1164
2019-Dec,房价下跌,移动端,1590
2019-Dec,房价调控,PC端,198
2019-Dec,房价调控,移动端,48
2019-Dec,房价走势,PC端,1836
2019-Dec,房价走势,移动端,3546
2019-Dec,房地产开发,PC端,960
2019-Dec,房地产开发,移动端,852
2019-Dec,房地产税,PC端,700
2019-Dec,房地产税,移动端,1735
2019-Dec,房屋装修,PC端,582
2019-Dec,房屋装修,移动端,1836
2019-Dec,房贷,PC端,2406
2019-Dec,房贷,移动端,3672
2019-Dec,棚户区,PC端,1225
2019-Dec,棚户区,移动端,1225
2019-Dec,棚户区改造,PC端,405
2019-Dec,棚户区改造,移动端,930
2019-Dec,租购,PC端,0
2019-Dec,租购,移动端,0
2019-Dec,税费,PC端,705
2019-Dec,税费,移动端,1225
2019-Dec,落户,PC端,925
2019-Dec,落户,移动端,1320
2019-Dec,融资,PC端,1860
2019-Dec,融资,移动端,2870
2019-Dec,购房,PC端,1266
2019-Dec,购房,移动端,1470
2019-Dec,贷款利率,PC端,2160
2019-Dec,贷款利率,移动端,3528
2019-Dec,限售,PC端,455
2019-Dec,限售,移动端,325
2019-Dec,限购,PC端,1182
2019-Dec,限购,移动端,1428
2019-Dec,首付,PC端,1488
2019-Dec,首付,移动端,1896
2020-Jan,买房,PC端,1692
2020-Jan,买房,移动端,2346
2020-Jan,二手房市场,PC端,144
2020-Jan,二手房市场,移动端,48
2020-Jan,公积金,PC端,3645
2020-Jan,公积金,移动端,4090
2020-Jan,利率上调,PC端,0
2020-Jan,利率上调,移动端,0
2020-Jan,去库存,PC端,450
2020-Jan,去库存,移动端,280
2020-Jan,取消限购,PC端,80
2020-Jan,取消限购,移动端,0
2020-Jan,契税,PC端,620
2020-Jan,契税,移动端,1885
2020-Jan,学区房,PC端,876
2020-Jan,学区房,移动端,1518
2020-Jan,安置,PC端,200
2020-Jan,安置,移动端,240
2020-Jan,房产税,PC端,1038
2020-Jan,房产税,移动端,2322
2020-Jan,房价,PC端,1362
2020-Jan,房价,移动端,2964
2020-Jan,房价上涨,PC端,294
2020-Jan,房价上涨,移动端,96
2020-Jan,房价下跌,PC端,690
2020-Jan,房价下跌,移动端,804
2020-Jan,房价调控,PC端,150
2020-Jan,房价调控,移动端,0
2020-Jan,房价走势,PC端,1098
2020-Jan,房价走势,移动端,2004
2020-Jan,房地产开发,PC端,540
2020-Jan,房地产开发,移动端,288
2020-Jan,房地产税,PC端,285
2020-Jan,房地产税,移动端,800
2020-Jan,房屋装修,PC端,348
2020-Jan,房屋装修,移动端,1404
2020-Jan,房贷,PC端,882
2020-Jan,房贷,移动端,2304
2020-Jan,棚户区,PC端,585
2020-Jan,棚户区,移动端,675
2020-Jan,棚户区改造,PC端,80
2020-Jan,棚户区改造,移动端,200
2020-Jan,租购,PC端,0
2020-Jan,租购,移动端,0
2020-Jan,税费,PC端,200
2020-Jan,税费,移动端,295
2020-Jan,落户,PC端,500
2020-Jan,落户,移动端,675
2020-Jan,融资,PC端,910
2020-Jan,融资,移动端,1585
2020-Jan,购房,PC端,756
2020-Jan,购房,移动端,954
2020-Jan,贷款利率,PC端,1230
2020-Jan,贷款利率,移动端,2382
2020-Jan,限售,PC端,200
2020-Jan,限售,移动端,0
2020-Jan,限购,PC端,486
2020-Jan,限购,移动端,612
2020-Jan,首付,PC端,798
2020-Jan,首付,移动端,1386
2020-Feb,买房,PC端,2046
2020-Feb,买房,移动端,2856
2020-Feb,二手房市场,PC端,156
2020-Feb,二手房市场,移动端,0
2020-Feb,公积金,PC端,3840
2020-Feb,公积金,移动端,3945
2020-Feb,利率上调,PC端,40
2020-Feb,利率上调,移动端,0
2020-Feb,去库存,PC端,415
2020-Feb,去库存,移动端,420
2020-Feb,取消限购,PC端,125
2020-Feb,取消限购,移动端,40
2020-Feb,契税,PC端,810
2020-Feb,契税,移动端,1680
2020-Feb,学区房,PC端,1290
2020-Feb,学区房,移动端,1518
2020-Feb,安置,PC端,245
2020-Feb,安置,移动端,510
2020-Feb,房产税,PC端,1422
2020-Feb,房产税,移动端,2388
2020-Feb,房价,PC端,1704
2020-Feb,房价,移动端,4218
2020-Feb,房价上涨,PC端,144
2020-Feb,房价上涨,移动端,144
2020-Feb,房价下跌,PC端,900
2020-Feb,房价下跌,移动端,1116
2020-Feb,房价调控,PC端,0
2020-Feb,房价调控,移动端,0
2020-Feb,房价走势,PC端,1428
2020-Feb,房价走势,移动端,2376
2020-Feb,房地产开发,PC端,498
2020-Feb,房地产开发,移动端,444
2020-Feb,房地产税,PC端,295
2020-Feb,房地产税,移动端,1015
2020-Feb,房屋装修,PC端,600
2020-Feb,房屋装修,移动端,2466
2020-Feb,房贷,PC端,1410
2020-Feb,房贷,移动端,2796
2020-Feb,棚户区,PC端,585
2020-Feb,棚户区,移动端,810
2020-Feb,棚户区改造,PC端,170
2020-Feb,棚户区改造,移动端,245
2020-Feb,租购,PC端,0
2020-Feb,租购,移动端,0
2020-Feb,税费,PC端,470
2020-Feb,税费,移动端,490
2020-Feb,落户,PC端,285
2020-Feb,落户,移动端,670
2020-Feb,融资,PC端,1395
2020-Feb,融资,移动端,1940
2020-Feb,购房,PC端,1278
2020-Feb,购房,移动端,1338
2020-Feb,贷款利率,PC端,1908
2020-Feb,贷款利率,移动端,3186
2020-Feb,限售,PC端,80
2020-Feb,限售,移动端,0
2020-Feb,限购,PC端,588
2020-Feb,限购,移动端,498
2020-Feb,首付,PC端,1032
2020-Feb,首付,移动端,1482
2020-Mar,买房,PC端,2850
2020-Mar,买房,移动端,4146
2020-Mar,二手房市场,PC端,240
2020-Mar,二手房市场,移动端,96
2020-Mar,公积金,PC端,6065
2020-Mar,公积金,移动端,7080
2020-Mar,利率上调,PC端,160
2020-Mar,利率上调,移动端,0
2020-Mar,去库存,PC端,630
2020-Mar,去库存,移动端,575
2020-Mar,取消限购,PC端,445
2020-Mar,取消限购,移动端,80
2020-Mar,契税,PC端,2365
2020-Mar,契税,移动端,3405
2020-Mar,学区房,PC端,1956
2020-Mar,学区房,移动端,2304
2020-Mar,安置,PC端,460
2020-Mar,安置,移动端,920
2020-Mar,房产税,PC端,2820
2020-Mar,房产税,移动端,3558
2020-Mar,房价,PC端,2484
2020-Mar,房价,移动端,6492
2020-Mar,房价上涨,PC端,606
2020-Mar,房价上涨,移动端,1278
2020-Mar,房价下跌,PC端,1374
2020-Mar,房价下跌,移动端,1698
2020-Mar,房价调控,PC端,288
2020-Mar,房价调控,移动端,0
2020-Mar,房价走势,PC端,1956
2020-Mar,房价走势,移动端,3270
2020-Mar,房地产开发,PC端,1206
2020-Mar,房地产开发,移动端,1008
2020-Mar,房地产税,PC端,1135
2020-Mar,房地产税,移动端,1345
2020-Mar,房屋装修,PC端,894
2020-Mar,房屋装修,移动端,2844
2020-Mar,房贷,PC端,2586
2020-Mar,房贷,移动端,4284
2020-Mar,棚户区,PC端,1170
2020-Mar,棚户区,移动端,1235
2020-Mar,棚户区改造,PC端,875
2020-Mar,棚户区改造,移动端,655
2020-Mar,租购,PC端,0
2020-Mar,租购,移动端,0
2020-Mar,税费,PC端,1315
2020-Mar,税费,移动端,1290
2020-Mar,落户,PC端,995
2020-Mar,落户,移动端,1635
2020-Mar,融资,PC端,2110
2020-Mar,融资,移动端,3110
2020-Mar,购房,PC端,1374
2020-Mar,购房,移动端,1746
2020-Mar,贷款利率,PC端,3300
2020-Mar,贷款利率,移动端,5772
2020-Mar,限售,PC端,370
2020-Mar,限售,移动端,40
2020-Mar,限购,PC端,1212
2020-Mar,限购,移动端,1422
2020-Mar,首付,PC端,1686
2020-Mar,首付,移动端,1884
2020-Apr,买房,PC端,2100
2020-Apr,买房,移动端,3174
2020-Apr,二手房市场,PC端,192
2020-Apr,二手房市场,移动端,0
2020-Apr,公积金,PC端,4725
2020-Apr,公积金,移动端,6135
2020-Apr,利率上调,PC端,40
2020-Apr,利率上调,移动端,0
2020-Apr,去库存,PC端,410
2020-Apr,去库存,移动端,285
2020-Apr,取消限购,PC端,80
2020-Apr,取消限购,移动端,80
2020-Apr,契税,PC端,1965
2020-Apr,契税,移动端,2860
2020-Apr,学区房,PC端,1512
2020-Apr,学区房,移动端,1914
2020-Apr,安置,PC端,495
2020-Apr,安置,移动端,590
2020-Apr,房产税,PC端,2580
2020-Apr,房产税,移动端,3222
2020-Apr,房价,PC端,1908
2020-Apr,房价,移动端,4512
2020-Apr,房价上涨,PC端,588
2020-Apr,房价上涨,移动端,708
2020-Apr,房价下跌,PC端,1140
2020-Apr,房价下跌,移动端,1452
2020-Apr,房价调控,PC端,192
2020-Apr,房价调控,移动端,0
2020-Apr,房价走势,PC端,1464
2020-Apr,房价走势,移动端,1680
2020-Apr,房地产开发,PC端,558
2020-Apr,房地产开发,移动端,762
2020-Apr,房地产税,PC端,1135
2020-Apr,房地产税,移动端,1265
2020-Apr,房屋装修,PC端,846
2020-Apr,房屋装修,移动端,1752
2020-Apr,房贷,PC端,2040
2020-Apr,房贷,移动端,3390
2020-Apr,棚户区,PC端,845
2020-Apr,棚户区,移动端,1110
2020-Apr,棚户区改造,PC端,790
2020-Apr,棚户区改造,移动端,590
2020-Apr,租购,PC端,0
2020-Apr,租购,移动端,0
2020-Apr,税费,PC端,1075
2020-Apr,税费,移动端,1120
2020-Apr,落户,PC端,770
2020-Apr,落户,移动端,1235
2020-Apr,融资,PC端,1615
2020-Apr,融资,移动端,2220
2020-Apr,购房,PC端,1116
2020-Apr,购房,移动端,1266
2020-Apr,贷款利率,PC端,2490
2020-Apr,贷款利率,移动端,3924
2020-Apr,限售,PC端,450
2020-Apr,限售,移动端,40
2020-Apr,限购,PC端,696
2020-Apr,限购,移动端,852
2020-Apr,首付,PC端,1182
2020-Apr,首付,移动端,1560
2020-May,买房,PC端,2076
2020-May,买房,移动端,2952
2020-May,二手房市场,PC端,198
2020-May,二手房市场,移动端,48
2020-May,公积金,PC端,5195
2020-May,公积金,移动端,6200
2020-May,利率上调,PC端,120
2020-May,利率上调,移动端,0
2020-May,去库存,PC端,455
2020-May,去库存,移动端,120
2020-May,取消限购,PC端,120
2020-May,取消限购,移动端,45
2020-May,契税,PC端,2045
2020-May,契税,移动端,2840
2020-May,学区房,PC端,1896
2020-May,学区房,移动端,2388
2020-May,安置,PC端,280
2020-May,安置,移动端,330
2020-May,房产税,PC端,3522
2020-May,房产税,移动端,4848
2020-May,房价,PC端,1896
2020-May,房价,移动端,3948
2020-May,房价上涨,PC端,594
2020-May,房价上涨,移动端,696
2020-May,房价下跌,PC端,708
2020-May,房价下跌,移动端,1170
2020-May,房价调控,PC端,96
2020-May,房价调控,移动端,0
2020-May,房价走势,PC端,1008
2020-May,房价走势,移动端,1524
2020-May,房地产开发,PC端,654
2020-May,房地产开发,移动端,804
2020-May,房地产税,PC端,1540
2020-May,房地产税,移动端,1840
2020-May,房屋装修,PC端,942
2020-May,房屋装修,移动端,1650
2020-May,房贷,PC端,1998
2020-May,房贷,移动端,3150
2020-May,棚户区,PC端,935
2020-May,棚户区,移动端,970
2020-May,棚户区改造,PC端,585
2020-May,棚户区改造,移动端,490
2020-May,租购,PC端,0
2020-May,租购,移动端,0
2020-May,税费,PC端,965
2020-May,税费,移动端,995
2020-May,落户,PC端,985
2020-May,落户,移动端,1295
2020-May,融资,PC端,1640
2020-May,融资,移动端,2110
2020-May,购房,PC端,1134
2020-May,购房,移动端,1236
2020-May,贷款利率,PC端,2280
2020-May,贷款利率,移动端,3504
2020-May,限售,PC端,165
2020-May,限售,移动端,40
2020-May,限购,PC端,642
2020-May,限购,移动端,942
2020-May,首付,PC端,1128
2020-May,首付,移动端,1440
2020-Jun,买房,PC端,2538
2020-Jun,买房,移动端,3582
2020-Jun,二手房市场,PC端,396
2020-Jun,二手房市场,移动端,150
2020-Jun,公积金,PC端,6720
2020-Jun,公积金,移动端,8800
2020-Jun,利率上调,PC端,40
2020-Jun,利率上调,移动端,90
2020-Jun,去库存,PC端,505
2020-Jun,去库存,移动端,420
2020-Jun,取消限购,PC端,120
2020-Jun,取消限购,移动端,85
2020-Jun,契税,PC端,2580
2020-Jun,契税,移动端,3640
2020-Jun,学区房,PC端,2100
2020-Jun,学区房,移动端,2682
2020-Jun,安置,PC端,405
2020-Jun,安置,移动端,675
2020-Jun,房产税,PC端,3144
2020-Jun,房产税,移动端,3576
2020-Jun,房价,PC端,2352
2020-Jun,房价,移动端,4338
2020-Jun,房价上涨,PC端,738
2020-Jun,房价上涨,移动端,1098
2020-Jun,房价下跌,PC端,804
2020-Jun,房价下跌,移动端,1518
2020-Jun,房价调控,PC端,192
2020-Jun,房价调控,移动端,120
2020-Jun,房价走势,PC端,1614
2020-Jun,房价走势,移动端,1962
2020-Jun,房地产开发,PC端,1104
2020-Jun,房地产开发,移动端,894
2020-Jun,房地产税,PC端,1275
2020-Jun,房地产税,移动端,1515
2020-Jun,房屋装修,PC端,792
2020-Jun,房屋装修,移动端,2052
2020-Jun,房贷,PC端,2202
2020-Jun,房贷,移动端,3654
2020-Jun,棚户区,PC端,1020
2020-Jun,棚户区,移动端,1225
2020-Jun,棚户区改造,PC端,500
2020-Jun,棚户区改造,移动端,585
2020-Jun,租购,PC端,0
2020-Jun,租购,移动端,0
2020-Jun,税费,PC端,1460
2020-Jun,税费,移动端,1280
2020-Jun,落户,PC端,800
2020-Jun,落户,移动端,2050
2020-Jun,融资,PC端,2065
2020-Jun,融资,移动端,2615
2020-Jun,购房,PC端,1410
2020-Jun,购房,移动端,1320
2020-Jun,贷款利率,PC端,2778
2020-Jun,贷款利率,移动端,4752
2020-Jun,限售,PC端,165
2020-Jun,限售,移动端,80
2020-Jun,限购,PC端,852
2020-Jun,限购,移动端,852
2020-Jun,首付,PC端,1590
2020-Jun,首付,移动端,1836
2020-Jul,买房,PC端,2124
2020-Jul,买房,移动端,2976
2020-Jul,二手房市场,PC端,498
2020-Jul,二手房市场,移动端,48
2020-Jul,公积金,PC端,6435
2020-Jul,公积金,移动端,8890
2020-Jul,利率上调,PC端,80
2020-Jul,利率上调,移动端,0
2020-Jul,去库存,PC端,420
2020-Jul,去库存,移动端,250
2020-Jul,取消限购,PC端,80
2020-Jul,取消限购,移动端,0
2020-Jul,契税,PC端,1990
2020-Jul,契税,移动端,2540
2020-Jul,学区房,PC端,1602
2020-Jul,学区房,移动端,1998
2020-Jul,安置,PC端,370
2020-Jul,安置,移动端,415
2020-Jul,房产税,PC端,2370
2020-Jul,房产税,移动端,2670
2020-Jul,房价,PC端,2238
2020-Jul,房价,移动端,3438
2020-Jul,房价上涨,PC端,744
2020-Jul,房价上涨,移动端,906
2020-Jul,房价下跌,PC端,708
2020-Jul,房价下跌,移动端,1494
2020-Jul,房价调控,PC端,486
2020-Jul,房价调控,移动端,252
2020-Jul,房价走势,PC端,1314
2020-Jul,房价走势,移动端,1818
2020-Jul,房地产开发,PC端,792
2020-Jul,房地产开发,移动端,792
2020-Jul,房地产税,PC端,1030
2020-Jul,房地产税,移动端,1040
2020-Jul,房屋装修,PC端,1014
2020-Jul,房屋装修,移动端,1608
2020-Jul,房贷,PC端,1974
2020-Jul,房贷,移动端,2646
2020-Jul,棚户区,PC端,1105
2020-Jul,棚户区,移动端,850
2020-Jul,棚户区改造,PC端,685
2020-Jul,棚户区改造,移动端,705
2020-Jul,租购,PC端,0
2020-Jul,租购,移动端,0
2020-Jul,税费,PC端,980
2020-Jul,税费,移动端,895
2020-Jul,落户,PC端,860
2020-Jul,落户,移动端,1380
2020-Jul,融资,PC端,1750
2020-Jul,融资,移动端,2215
2020-Jul,购房,PC端,1242
2020-Jul,购房,移动端,942
2020-Jul,贷款利率,PC端,2196
2020-Jul,贷款利率,移动端,3846
2020-Jul,限售,PC端,210
2020-Jul,限售,移动端,160
2020-Jul,限购,PC端,1086
2020-Jul,限购,移动端,906
2020-Jul,首付,PC端,1278
2020-Jul,首付,移动端,1380
2020-Aug,买房,PC端,2892
2020-Aug,买房,移动端,3996
2020-Aug,二手房市场,PC端,1122
2020-Aug,二手房市场,移动端,48
2020-Aug,公积金,PC端,6360
2020-Aug,公积金,移动端,9555
2020-Aug,利率上调,PC端,320
2020-Aug,利率上调,移动端,0
2020-Aug,去库存,PC端,540
2020-Aug,去库存,移动端,320
2020-Aug,取消限购,PC端,245
2020-Aug,取消限购,移动端,0
2020-Aug,契税,PC端,4140
2020-Aug,契税,移动端,5445
2020-Aug,学区房,PC端,1968
2020-Aug,学区房,移动端,2364
2020-Aug,安置,PC端,615
2020-Aug,安置,移动端,710
2020-Aug,房产税,PC端,3072
2020-Aug,房产税,移动端,3894
2020-Aug,房价,PC端,3168
2020-Aug,房价,移动端,3726
2020-Aug,房价上涨,PC端,828
2020-Aug,房价上涨,移动端,690
2020-Aug,房价下跌,PC端,1530
2020-Aug,房价下跌,移动端,1848
2020-Aug,房价调控,PC端,96
2020-Aug,房价调控,移动端,96
2020-Aug,房价走势,PC端,1842
2020-Aug,房价走势,移动端,2280
2020-Aug,房地产开发,PC端,858
2020-Aug,房地产开发,移动端,744
2020-Aug,房地产税,PC端,1460
2020-Aug,房地产税,移动端,1415
2020-Aug,房屋装修,PC端,1440
2020-Aug,房屋装修,移动端,2232
2020-Aug,房贷,PC端,2928
2020-Aug,房贷,移动端,3498
2020-Aug,棚户区,PC端,1090
2020-Aug,棚户区,移动端,1130
2020-Aug,棚户区改造,PC端,1100
2020-Aug,棚户区改造,移动端,710
2020-Aug,租购,PC端,0
2020-Aug,租购,移动端,0
2020-Aug,税费,PC端,1435
2020-Aug,税费,移动端,1065
2020-Aug,落户,PC端,1265
2020-Aug,落户,移动端,1840
2020-Aug,融资,PC端,2130
2020-Aug,融资,移动端,2430
2020-Aug,购房,PC端,1482
2020-Aug,购房,移动端,1254
2020-Aug,贷款利率,PC端,3144
2020-Aug,贷款利率,移动端,5034
2020-Aug,限售,PC端,200
2020-Aug,限售,移动端,120
2020-Aug,限购,PC端,1266
2020-Aug,限购,移动端,804
2020-Aug,首付,PC端,1530
2020-Aug,首付,移动端,1830
2020-Sep,买房,PC端,2154
2020-Sep,买房,移动端,2736
2020-Sep,二手房市场,PC端,438
2020-Sep,二手房市场,移动端,0
2020-Sep,公积金,PC端,4205
2020-Sep,公积金,移动端,6475
2020-Sep,利率上调,PC端,0
2020-Sep,利率上调,移动端,0
2020-Sep,去库存,PC端,495
2020-Sep,去库存,移动端,370
2020-Sep,取消限购,PC端,80
2020-Sep,取消限购,移动端,0
2020-Sep,契税,PC端,1885
2020-Sep,契税,移动端,2530
2020-Sep,学区房,PC端,1398
2020-Sep,学区房,移动端,1842
2020-Sep,安置,PC端,450
2020-Sep,安置,移动端,585
2020-Sep,房产税,PC端,2160
2020-Sep,房产税,移动端,2400
2020-Sep,房价,PC端,2640
2020-Sep,房价,移动端,3210
2020-Sep,房价上涨,PC端,702
2020-Sep,房价上涨,移动端,336
2020-Sep,房价下跌,PC端,1182
2020-Sep,房价下跌,移动端,1698
2020-Sep,房价调控,PC端,144
2020-Sep,房价调控,移动端,102
2020-Sep,房价走势,PC端,1524
2020-Sep,房价走势,移动端,1716
2020-Sep,房地产开发,PC端,810
2020-Sep,房地产开发,移动端,684
2020-Sep,房地产税,PC端,935
2020-Sep,房地产税,移动端,960
2020-Sep,房屋装修,PC端,1062
2020-Sep,房屋装修,移动端,1782
2020-Sep,房贷,PC端,1998
2020-Sep,房贷,移动端,2466
2020-Sep,棚户区,PC端,835
2020-Sep,棚户区,移动端,1015
2020-Sep,棚户区改造,PC端,925
2020-Sep,棚户区改造,移动端,675
2020-Sep,租购,PC端,0
2020-Sep,租购,移动端,0
2020-Sep,税费,PC端,1065
2020-Sep,税费,移动端,715
2020-Sep,落户,PC端,810
2020-Sep,落户,移动端,1120
2020-Sep,融资,PC端,1635
2020-Sep,融资,移动端,2020
2020-Sep,购房,PC端,1146
2020-Sep,购房,移动端,954
2020-Sep,贷款利率,PC端,2022
2020-Sep,贷款利率,移动端,2988
2020-Sep,限售,PC端,120
2020-Sep,限售,移动端,0
2020-Sep,限购,PC端,804
2020-Sep,限购,移动端,648
2020-Sep,首付,PC端,1296
2020-Sep,首付,移动端,1482
2020-Oct,买房,PC端,2256
2020-Oct,买房,移动端,2922
2020-Oct,二手房市场,PC端,342
2020-Oct,二手房市场,移动端,48
2020-Oct,公积金,PC端,4545
2020-Oct,公积金,移动端,6030
2020-Oct,利率上调,PC端,40
2020-Oct,利率上调,移动端,0
2020-Oct,去库存,PC端,575
2020-Oct,去库存,移动端,410
2020-Oct,取消限购,PC端,120
2020-Oct,取消限购,移动端,0
2020-Oct,契税,PC端,2130
2020-Oct,契税,移动端,3255
2020-Oct,学区房,PC端,1560
2020-Oct,学区房,移动端,2016
2020-Oct,安置,PC端,420
2020-Oct,安置,移动端,580
2020-Oct,房产税,PC端,2244
2020-Oct,房产税,移动端,2832
2020-Oct,房价,PC端,2484
2020-Oct,房价,移动端,3258
2020-Oct,房价上涨,PC端,396
2020-Oct,房价上涨,移动端,294
2020-Oct,房价下跌,PC端,768
2020-Oct,房价下跌,移动端,1290
2020-Oct,房价调控,PC端,240
2020-Oct,房价调控,移动端,48
2020-Oct,房价走势,PC端,1446
2020-Oct,房价走势,移动端,1608
2020-Oct,房地产开发,PC端,702
2020-Oct,房地产开发,移动端,504
2020-Oct,房地产税,PC端,1000
2020-Oct,房地产税,移动端,1160
2020-Oct,房屋装修,PC端,1086
2020-Oct,房屋装修,移动端,1782
2020-Oct,房贷,PC端,2172
2020-Oct,房贷,移动端,2850
2020-Oct,棚户区,PC端,800
2020-Oct,棚户区,移动端,905
2020-Oct,棚户区改造,PC端,590
2020-Oct,棚户区改造,移动端,290
2020-Oct,租购,PC端,0
2020-Oct,租购,移动端,0
2020-Oct,税费,PC端,1015
2020-Oct,税费,移动端,955
2020-Oct,落户,PC端,940
2020-Oct,落户,移动端,1145
2020-Oct,融资,PC端,1555
2020-Oct,融资,移动端,2140
2020-Oct,购房,PC端,864
2020-Oct,购房,移动端,1056
2020-Oct,贷款利率,PC端,2004
2020-Oct,贷款利率,移动端,2934
2020-Oct,限售,PC端,120
2020-Oct,限售,移动端,80
2020-Oct,限购,PC端,798
2020-Oct,限购,移动端,858
2020-Oct,首付,PC端,1278
2020-Oct,首付,移动端,1506
2020-Nov,买房,PC端,2874
2020-Nov,买房,移动端,3414
2020-Nov,二手房市场,PC端,96
2020-Nov,二手房市场,移动端,0
2020-Nov,公积金,PC端,5405
2020-Nov,公积金,移动端,7205
2020-Nov,利率上调,PC端,40
2020-Nov,利率上调,移动端,0
2020-Nov,去库存,PC端,900
2020-Nov,去库存,移动端,460
2020-Nov,取消限购,PC端,200
2020-Nov,取消限购,移动端,45
2020-Nov,契税,PC端,2610
2020-Nov,契税,移动端,4190
2020-Nov,学区房,PC端,1944
2020-Nov,学区房,移动端,2406
2020-Nov,安置,PC端,455
2020-Nov,安置,移动端,875
2020-Nov,房产税,PC端,3468
2020-Nov,房产税,移动端,4554
2020-Nov,房价,PC端,2898
2020-Nov,房价,移动端,4026
2020-Nov,房价上涨,PC端,492
2020-Nov,房价上涨,移动端,48
2020-Nov,房价下跌,PC端,1008
2020-Nov,房价下跌,移动端,1326
2020-Nov,房价调控,PC端,198
2020-Nov,房价调控,移动端,48
2020-Nov,房价走势,PC端,1722
2020-Nov,房价走势,移动端,1944
2020-Nov,房地产开发,PC端,996
2020-Nov,房地产开发,移动端,1254
2020-Nov,房地产税,PC端,1505
2020-Nov,房地产税,移动端,1585
2020-Nov,房屋装修,PC端,1230
2020-Nov,房屋装修,移动端,1944
2020-Nov,房贷,PC端,2628
2020-Nov,房贷,移动端,3576
2020-Nov,棚户区,PC端,1150
2020-Nov,棚户区,移动端,1235
2020-Nov,棚户区改造,PC端,800
2020-Nov,棚户区改造,移动端,740
2020-Nov,租购,PC端,0
2020-Nov,租购,移动端,0
2020-Nov,税费,PC端,1275
2020-Nov,税费,移动端,1135
2020-Nov,落户,PC端,1310
2020-Nov,落户,移动端,1520
2020-Nov,融资,PC端,2170
2020-Nov,融资,移动端,2805
2020-Nov,购房,PC端,1362
2020-Nov,购房,移动端,1008
2020-Nov,贷款利率,PC端,2502
2020-Nov,贷款利率,移动端,3780
2020-Nov,限售,PC端,80
2020-Nov,限售,移动端,165
2020-Nov,限购,PC端,942
2020-Nov,限购,移动端,1140
2020-Nov,首付,PC端,1488
2020-Nov,首付,移动端,1860
2020-Dec,买房,PC端,2220
2020-Dec,买房,移动端,2580
2020-Dec,二手房市场,PC端,192
2020-Dec,二手房市场,移动端,48
2020-Dec,公积金,PC端,4055
2020-Dec,公积金,移动端,4940
2020-Dec,利率上调,PC端,80
2020-Dec,利率上调,移动端,0
2020-Dec,去库存,PC端,665
2020-Dec,去库存,移动端,370
2020-Dec,取消限购,PC端,80
2020-Dec,取消限购,移动端,170
2020-Dec,契税,PC端,2100
2020-Dec,契税,移动端,3135
2020-Dec,学区房,PC端,1578
2020-Dec,学区房,移动端,1938
2020-Dec,安置,PC端,335
2020-Dec,安置,移动端,550
2020-Dec,房产税,PC端,2472
2020-Dec,房产税,移动端,3234
2020-Dec,房价,PC端,2220
2020-Dec,房价,移动端,3624
2020-Dec,房价上涨,PC端,594
2020-Dec,房价上涨,移动端,390
2020-Dec,房价下跌,PC端,396
2020-Dec,房价下跌,移动端,714
2020-Dec,房价调控,PC端,294
2020-Dec,房价调控,移动端,96
2020-Dec,房价走势,PC端,1188
2020-Dec,房价走势,移动端,1296
2020-Dec,房地产开发,PC端,792
2020-Dec,房地产开发,移动端,648
2020-Dec,房地产税,PC端,1250
2020-Dec,房地产税,移动端,1555
2020-Dec,房屋装修,PC端,864
2020-Dec,房屋装修,移动端,1476
2020-Dec,房贷,PC端,1956
2020-Dec,房贷,移动端,2676
2020-Dec,棚户区,PC端,805
2020-Dec,棚户区,移动端,955
2020-Dec,棚户区改造,PC端,980
2020-Dec,棚户区改造,移动端,500
2020-Dec,租购,PC端,0
2020-Dec,租购,移动端,0
2020-Dec,税费,PC端,990
2020-Dec,税费,移动端,970
2020-Dec,落户,PC端,860
2020-Dec,落户,移动端,1045
2020-Dec,融资,PC端,1625
2020-Dec,融资,移动端,2100
2020-Dec,购房,PC端,954
2020-Dec,购房,移动端,846
2020-Dec,贷款利率,PC端,1980
2020-Dec,贷款利率,移动端,2826
2020-Dec,限售,PC端,160
2020-Dec,限售,移动端,120
2020-Dec,限购,PC端,852
2020-Dec,限购,移动端,600
2020-Dec,首付,PC端,852
2020-Dec,首付,移动端,1464
2021-Jan,买房,PC端,2094
2021-Jan,买房,移动端,2730
2021-Jan,二手房市场,PC端,240
2021-Jan,二手房市场,移动端,0
2021-Jan,公积金,PC端,4220
2021-Jan,公积金,移动端,4710
2021-Jan,利率上调,PC端,250
2021-Jan,利率上调,移动端,240
2021-Jan,去库存,PC端,455
2021-Jan,去库存,移动端,205
2021-Jan,取消限购,PC端,0
2021-Jan,取消限购,移动端,0
2021-Jan,契税,PC端,2055
2021-Jan,契税,移动端,2905
2021-Jan,学区房,PC端,1578
2021-Jan,学区房,移动端,1854
2021-Jan,安置,PC端,165
2021-Jan,安置,移动端,550
2021-Jan,房产税,PC端,2466
2021-Jan,房产税,移动端,2904
2021-Jan,房价,PC端,2466
2021-Jan,房价,移动端,3144
2021-Jan,房价上涨,PC端,600
2021-Jan,房价上涨,移动端,504
2021-Jan,房价下跌,PC端,540
2021-Jan,房价下跌,移动端,756
2021-Jan,房价调控,PC端,294
2021-Jan,房价调控,移动端,48
2021-Jan,房价走势,PC端,1182
2021-Jan,房价走势,移动端,1296
2021-Jan,房地产开发,PC端,642
2021-Jan,房地产开发,移动端,492
2021-Jan,房地产税,PC端,1020
2021-Jan,房地产税,移动端,1230
2021-Jan,房屋装修,PC端,1062
2021-Jan,房屋装修,移动端,1512
2021-Jan,房贷,PC端,2532
2021-Jan,房贷,移动端,3198
2021-Jan,棚户区,PC端,855
2021-Jan,棚户区,移动端,1050
2021-Jan,棚户区改造,PC端,850
2021-Jan,棚户区改造,移动端,325
2021-Jan,租购,PC端,0
2021-Jan,租购,移动端,0
2021-Jan,税费,PC端,1115
2021-Jan,税费,移动端,1000
2021-Jan,落户,PC端,760
2021-Jan,落户,移动端,1140
2021-Jan,融资,PC端,1575
2021-Jan,融资,移动端,1885
2021-Jan,购房,PC端,858
2021-Jan,购房,移动端,804
2021-Jan,贷款利率,PC端,2022
2021-Jan,贷款利率,移动端,2916
2021-Jan,限售,PC端,280
2021-Jan,限售,移动端,80
2021-Jan,限购,PC端,846
2021-Jan,限购,移动端,696
2021-Jan,首付,PC端,1110
2021-Jan,首付,移动端,1494
2021-Feb,买房,PC端,2082
2021-Feb,买房,移动端,2808
2021-Feb,二手房市场,PC端,48
2021-Feb,二手房市场,移动端,48
2021-Feb,公积金,PC端,3575
2021-Feb,公积金,移动端,4580
2021-Feb,利率上调,PC端,285
2021-Feb,利率上调,移动端,40
2021-Feb,去库存,PC端,370
2021-Feb,去库存,移动端,245
2021-Feb,取消限购,PC端,120
2021-Feb,取消限购,移动端,0
2021-Feb,契税,PC端,1910
2021-Feb,契税,移动端,2805
2021-Feb,学区房,PC端,1392
2021-Feb,学区房,移动端,1854
2021-Feb,安置,PC端,290
2021-Feb,安置,移动端,375
2021-Feb,房产税,PC端,2118
2021-Feb,房产税,移动端,2538
2021-Feb,房价,PC端,2394
2021-Feb,房价,移动端,3216
2021-Feb,房价上涨,PC端,444
2021-Feb,房价上涨,移动端,396
2021-Feb,房价下跌,PC端,294
2021-Feb,房价下跌,移动端,342
2021-Feb,房价调控,PC端,252
2021-Feb,房价调控,移动端,144
2021-Feb,房价走势,PC端,1068
2021-Feb,房价走势,移动端,1356
2021-Feb,房地产开发,PC端,648
2021-Feb,房地产开发,移动端,642
2021-Feb,房地产税,PC端,730
2021-Feb,房地产税,移动端,1030
2021-Feb,房屋装修,PC端,936
2021-Feb,房屋装修,移动端,1584
2021-Feb,房贷,PC端,2034
2021-Feb,房贷,移动端,3144
2021-Feb,棚户区,PC端,715
2021-Feb,棚户区,移动端,890
2021-Feb,棚户区改造,PC端,500
2021-Feb,棚户区改造,移动端,165
2021-Feb,租购,PC端,0
2021-Feb,租购,移动端,0
2021-Feb,税费,PC端,795
2021-Feb,税费,移动端,790
2021-Feb,落户,PC端,800
2021-Feb,落户,移动端,890
2021-Feb,融资,PC端,1435
2021-Feb,融资,移动端,1755
2021-Feb,购房,PC端,816
2021-Feb,购房,移动端,816
2021-Feb,贷款利率,PC端,1734
2021-Feb,贷款利率,移动端,2400
2021-Feb,限售,PC端,160
2021-Feb,限售,移动端,80
2021-Feb,限购,PC端,702
2021-Feb,限购,移动端,540
2021-Feb,首付,PC端,822
2021-Feb,首付,移动端,1482
2021-Mar,买房,PC端,2796
2021-Mar,买房,移动端,3564
2021-Mar,二手房市场,PC端,192
2021-Mar,二手房市场,移动端,48
2021-Mar,公积金,PC端,5605
2021-Mar,公积金,移动端,7695
2021-Mar,利率上调,PC端,550
2021-Mar,利率上调,移动端,710
2021-Mar,去库存,PC端,580
2021-Mar,去库存,移动端,335
2021-Mar,取消限购,PC端,40
2021-Mar,取消限购,移动端,0
2021-Mar,契税,PC端,2860
2021-Mar,契税,移动端,4365
2021-Mar,学区房,PC端,2310
2021-Mar,学区房,移动端,3006
2021-Mar,安置,PC端,615
2021-Mar,安置,移动端,840
2021-Mar,房产税,PC端,3126
2021-Mar,房产税,移动端,3600
2021-Mar,房价,PC端,3252
2021-Mar,房价,移动端,7662
2021-Mar,房价上涨,PC端,756
2021-Mar,房价上涨,移动端,594
2021-Mar,房价下跌,PC端,744
2021-Mar,房价下跌,移动端,348
2021-Mar,房价调控,PC端,438
2021-Mar,房价调控,移动端,246
2021-Mar,房价走势,PC端,1332
2021-Mar,房价走势,移动端,1836
2021-Mar,房地产开发,PC端,1050
2021-Mar,房地产开发,移动端,1380
2021-Mar,房地产税,PC端,1500
2021-Mar,房地产税,移动端,1520
2021-Mar,房屋装修,PC端,1320
2021-Mar,房屋装修,移动端,1812
2021-Mar,房贷,PC端,2988
2021-Mar,房贷,移动端,4248
2021-Mar,棚户区,PC端,1280
2021-Mar,棚户区,移动端,1145
2021-Mar,棚户区改造,PC端,960
2021-Mar,棚户区改造,移动端,325
2021-Mar,租购,PC端,0
2021-Mar,租购,移动端,0
2021-Mar,税费,PC端,1430
2021-Mar,税费,移动端,1380
2021-Mar,落户,PC端,1090
2021-Mar,落户,移动端,1455
2021-Mar,融资,PC端,2100
2021-Mar,融资,移动端,2940
2021-Mar,购房,PC端,1380
2021-Mar,购房,移动端,1434
2021-Mar,贷款利率,PC端,2520
2021-Mar,贷款利率,移动端,3606
2021-Mar,限售,PC端,205
2021-Mar,限售,移动端,285
2021-Mar,限购,PC端,1056
2021-Mar,限购,移动端,1212
2021-Mar,首付,PC端,1740
2021-Mar,首付,移动端,2202
2021-Apr,买房,PC端,2154
2021-Apr,买房,移动端,2610
2021-Apr,二手房市场,PC端,246
2021-Apr,二手房市场,移动端,0
2021-Apr,公积金,PC端,4020
2021-Apr,公积金,移动端,5710
2021-Apr,利率上调,PC端,205
2021-Apr,利率上调,移动端,80
2021-Apr,去库存,PC端,580
2021-Apr,去库存,移动端,330
2021-Apr,取消限购,PC端,0
2021-Apr,取消限购,移动端,0
2021-Apr,契税,PC端,2320
2021-Apr,契税,移动端,3580
2021-Apr,学区房,PC端,1848
2021-Apr,学区房,移动端,2556
2021-Apr,安置,PC端,335
2021-Apr,安置,移动端,590
2021-Apr,房产税,PC端,2772
2021-Apr,房产税,移动端,3294
2021-Apr,房价,PC端,2316
2021-Apr,房价,移动端,4728
2021-Apr,房价上涨,PC端,552
2021-Apr,房价上涨,移动端,192
2021-Apr,房价下跌,PC端,402
2021-Apr,房价下跌,移动端,342
2021-Apr,房价调控,PC端,744
2021-Apr,房价调控,移动端,192
2021-Apr,房价走势,PC端,1236
2021-Apr,房价走势,移动端,1494
2021-Apr,房地产开发,PC端,654
2021-Apr,房地产开发,移动端,720
2021-Apr,房地产税,PC端,1260
2021-Apr,房地产税,移动端,1575
2021-Apr,房屋装修,PC端,1002
2021-Apr,房屋装修,移动端,1506
2021-Apr,房贷,PC端,2064
2021-Apr,房贷,移动端,2904
2021-Apr,棚户区,PC端,725
2021-Apr,棚户区,移动端,975
2021-Apr,棚户区改造,PC端,545
2021-Apr,棚户区改造,移动端,335
2021-Apr,租购,PC端,0
2021-Apr,租购,移动端,0
2021-Apr,税费,PC端,1150
2021-Apr,税费,移动端,1010
2021-Apr,落户,PC端,1055
2021-Apr,落户,移动端,1100
2021-Apr,融资,PC端,1675
2021-Apr,融资,移动端,2235
2021-Apr,购房,PC端,1266
2021-Apr,购房,移动端,1236
2021-Apr,贷款利率,PC端,1932
2021-Apr,贷款利率,移动端,2568
2021-Apr,限售,PC端,410
2021-Apr,限售,移动端,330
2021-Apr,限购,PC端,762
2021-Apr,限购,移动端,798
2021-Apr,首付,PC端,1338
2021-Apr,首付,移动端,1674
2021-May,买房,PC端,2466
2021-May,买房,移动端,3210
2021-May,二手房市场,PC端,96
2021-May,二手房市场,移动端,0
2021-May,公积金,PC端,4365
2021-May,公积金,移动端,7335
2021-May,利率上调,PC端,80
2021-May,利率上调,移动端,80
2021-May,去库存,PC端,535
2021-May,去库存,移动端,360
2021-May,取消限购,PC端,0
2021-May,取消限购,移动端,0
2021-May,契税,PC端,2480
2021-May,契税,移动端,4285
2021-May,学区房,PC端,2106
2021-May,学区房,移动端,2646
2021-May,安置,PC端,370
2021-May,安置,移动端,955
2021-May,房产税,PC端,3882
2021-May,房产税,移动端,5370
2021-May,房价,PC端,2358
2021-May,房价,移动端,11148
2021-May,房价上涨,PC端,546
2021-May,房价上涨,移动端,294
2021-May,房价下跌,PC端,492
2021-May,房价下跌,移动端,690
2021-May,房价调控,PC端,342
2021-May,房价调控,移动端,192
2021-May,房价走势,PC端,1416
2021-May,房价走势,移动端,1674
2021-May,房地产开发,PC端,696
2021-May,房地产开发,移动端,1350
2021-May,房地产税,PC端,1915
2021-May,房地产税,移动端,1765
2021-May,房屋装修,PC端,1182
2021-May,房屋装修,移动端,1854
2021-May,房贷,PC端,2346
2021-May,房贷,移动端,3366
2021-May,棚户区,PC端,1040
2021-May,棚户区,移动端,1155
2021-May,棚户区改造,PC端,1000
2021-May,棚户区改造,移动端,535
2021-May,租购,PC端,0
2021-May,租购,移动端,0
2021-May,税费,PC端,1285
2021-May,税费,移动端,1320
2021-May,落户,PC端,1000
2021-May,落户,移动端,1320
2021-May,融资,PC端,1895
2021-May,融资,移动端,2700
2021-May,购房,PC端,1158
2021-May,购房,移动端,1116
2021-May,贷款利率,PC端,2214
2021-May,贷款利率,移动端,2976
2021-May,限售,PC端,285
2021-May,限售,移动端,205
2021-May,限购,PC端,696
2021-May,限购,移动端,846
2021-May,首付,PC端,1482
2021-May,首付,移动端,1968
2021-Jun,买房,PC端,1944
2021-Jun,买房,移动端,2664
2021-Jun,二手房市场,PC端,0
2021-Jun,二手房市场,移动端,96
2021-Jun,公积金,PC端,3725
2021-Jun,公积金,移动端,7115
2021-Jun,利率上调,PC端,200
2021-Jun,利率上调,移动端,80
2021-Jun,去库存,PC端,405
2021-Jun,去库存,移动端,295
2021-Jun,取消限购,PC端,0
2021-Jun,取消限购,移动端,0
2021-Jun,契税,PC端,1865
2021-Jun,契税,移动端,3040
2021-Jun,学区房,PC端,1434
2021-Jun,学区房,移动端,1866
2021-Jun,安置,PC端,290
2021-Jun,安置,移动端,710
2021-Jun,房产税,PC端,2490
2021-Jun,房产税,移动端,3222
2021-Jun,房价,PC端,2022
2021-Jun,房价,移动端,4590
2021-Jun,房价上涨,PC端,390
2021-Jun,房价上涨,移动端,96
2021-Jun,房价下跌,PC端,552
2021-Jun,房价下跌,移动端,546
2021-Jun,房价调控,PC端,144
2021-Jun,房价调控,移动端,48
2021-Jun,房价走势,PC端,1116
2021-Jun,房价走势,移动端,1236
2021-Jun,房地产开发,PC端,696
2021-Jun,房地产开发,移动端,846
2021-Jun,房地产税,PC端,1285
2021-Jun,房地产税,移动端,1150
2021-Jun,房屋装修,PC端,1254
2021-Jun,房屋装修,移动端,1374
2021-Jun,房贷,PC端,1854
2021-Jun,房贷,移动端,2736
2021-Jun,棚户区,PC端,715
2021-Jun,棚户区,移动端,930
2021-Jun,棚户区改造,PC端,915
2021-Jun,棚户区改造,移动端,285
2021-Jun,租购,PC端,0
2021-Jun,租购,移动端,0
2021-Jun,税费,PC端,1085
2021-Jun,税费,移动端,1115
2021-Jun,落户,PC端,750
2021-Jun,落户,移动端,1160
2021-Jun,融资,PC端,1590
2021-Jun,融资,移动端,2195
2021-Jun,购房,PC端,888
2021-Jun,购房,移动端,996
2021-Jun,贷款利率,PC端,1782
2021-Jun,贷款利率,移动端,2550
2021-Jun,限售,PC端,40
2021-Jun,限售,移动端,40
2021-Jun,限购,PC端,636
2021-Jun,限购,移动端,852
2021-Jun,首付,PC端,1014
2021-Jun,首付,移动端,1602
2021-Jul,买房,PC端,1890
2021-Jul,买房,移动端,2604
2021-Jul,二手房市场,PC端,192
2021-Jul,二手房市场,移动端,48
2021-Jul,公积金,PC端,4240
2021-Jul,公积金,移动端,8775
2021-Jul,利率上调,PC端,40
2021-Jul,利率上调,移动端,40
2021-Jul,去库存,PC端,370
2021-Jul,去库存,移动端,160
2021-Jul,取消限购,PC端,0
2021-Jul,取消限购,移动端,0
2021-Jul,契税,PC端,1740
2021-Jul,契税,移动端,3025
2021-Jul,学区房,PC端,1692
2021-Jul,学区房,移动端,2316
2021-Jul,安置,PC端,290
2021-Jul,安置,移动端,740
2021-Jul,房产税,PC端,2082
2021-Jul,房产税,移动端,2586
2021-Jul,房价,PC端,1992
2021-Jul,房价,移动端,3036
2021-Jul,房价上涨,PC端,198
2021-Jul,房价上涨,移动端,192
2021-Jul,房价下跌,PC端,588
2021-Jul,房价下跌,移动端,654
2021-Jul,房价调控,PC端,48
2021-Jul,房价调控,移动端,144
2021-Jul,房价走势,PC端,756
2021-Jul,房价走势,移动端,1296
2021-Jul,房地产开发,PC端,600
2021-Jul,房地产开发,移动端,744
2021-Jul,房地产税,PC端,810
2021-Jul,房地产税,移动端,1175
2021-Jul,房屋装修,PC端,990
2021-Jul,房屋装修,移动端,1368
2021-Jul,房贷,PC端,1674
2021-Jul,房贷,移动端,2580
2021-Jul,棚户区,PC端,545
2021-Jul,棚户区,移动端,895
2021-Jul,棚户区改造,PC端,540
2021-Jul,棚户区改造,移动端,285
2021-Jul,租购,PC端,0
2021-Jul,租购,移动端,0
2021-Jul,税费,PC端,1070
2021-Jul,税费,移动端,925
2021-Jul,落户,PC端,635
2021-Jul,落户,移动端,925
2021-Jul,融资,PC端,1485
2021-Jul,融资,移动端,2045
2021-Jul,购房,PC端,810
2021-Jul,购房,移动端,756
2021-Jul,贷款利率,PC端,1656
2021-Jul,贷款利率,移动端,2394
2021-Jul,限售,PC端,165
2021-Jul,限售,移动端,0
2021-Jul,限购,PC端,300
2021-Jul,限购,移动端,648
2021-Jul,首付,PC端,1056
2021-Jul,首付,移动端,1590
2021-Aug,买房,PC端,2238
2021-Aug,买房,移动端,3324
2021-Aug,二手房市场,PC端,288
2021-Aug,二手房市场,移动端,144
2021-Aug,公积金,PC端,4340
2021-Aug,公积金,移动端,9330
2021-Aug,利率上调,PC端,0
2021-Aug,利率上调,移动端,80
2021-Aug,去库存,PC端,415
2021-Aug,去库存,移动端,420
2021-Aug,取消限购,PC端,80
2021-Aug,取消限购,移动端,0
2021-Aug,契税,PC端,2445
2021-Aug,契税,移动端,4170
2021-Aug,学区房,PC端,2358
2021-Aug,学区房,移动端,3096
2021-Aug,安置,PC端,660
2021-Aug,安置,移动端,1050
2021-Aug,房产税,PC端,3162
2021-Aug,房产税,移动端,4692
2021-Aug,房价,PC端,2766
2021-Aug,房价,移动端,4368
2021-Aug,房价上涨,PC端,198
2021-Aug,房价上涨,移动端,246
2021-Aug,房价下跌,PC端,1110
2021-Aug,房价下跌,移动端,1518
2021-Aug,房价调控,PC端,642
2021-Aug,房价调控,移动端,342
2021-Aug,房价走势,PC端,1368
2021-Aug,房价走势,移动端,1842
2021-Aug,房地产开发,PC端,750
2021-Aug,房地产开发,移动端,1002
2021-Aug,房地产税,PC端,1245
2021-Aug,房地产税,移动端,1925
2021-Aug,房屋装修,PC端,1206
2021-Aug,房屋装修,移动端,1716
2021-Aug,房贷,PC端,2010
2021-Aug,房贷,移动端,3132
2021-Aug,棚户区,PC端,800
2021-Aug,棚户区,移动端,1130
2021-Aug,棚户区改造,PC端,660
2021-Aug,棚户区改造,移动端,160
2021-Aug,租购,PC端,0
2021-Aug,租购,移动端,0
2021-Aug,税费,PC端,1130
2021-Aug,税费,移动端,1150
2021-Aug,落户,PC端,700
2021-Aug,落户,移动端,1320
2021-Aug,融资,PC端,1835
2021-Aug,融资,移动端,2495
2021-Aug,购房,PC端,1038
2021-Aug,购房,移动端,1158
2021-Aug,贷款利率,PC端,2136
2021-Aug,贷款利率,移动端,3060
2021-Aug,限售,PC端,160
2021-Aug,限售,移动端,80
2021-Aug,限购,PC端,684
2021-Aug,限购,移动端,960
2021-Aug,首付,PC端,1224
2021-Aug,首付,移动端,1884
2021-Sep,买房,PC端,1764
2021-Sep,买房,移动端,2514
2021-Sep,二手房市场,PC端,150
2021-Sep,二手房市场,移动端,96
2021-Sep,公积金,PC端,2950
2021-Sep,公积金,移动端,6320
2021-Sep,利率上调,PC端,0
2021-Sep,利率上调,移动端,0
2021-Sep,去库存,PC端,420
2021-Sep,去库存,移动端,620
2021-Sep,取消限购,PC端,0
2021-Sep,取消限购,移动端,0
2021-Sep,契税,PC端,1640
2021-Sep,契税,移动端,2320
2021-Sep,学区房,PC端,1434
2021-Sep,学区房,移动端,1884
2021-Sep,安置,PC端,285
2021-Sep,安置,移动端,745
2021-Sep,房产税,PC端,2286
2021-Sep,房产税,移动端,3288
2021-Sep,房价,PC端,2316
2021-Sep,房价,移动端,3552
2021-Sep,房价上涨,PC端,144
2021-Sep,房价上涨,移动端,150
2021-Sep,房价下跌,PC端,1062
2021-Sep,房价下跌,移动端,1944
2021-Sep,房价调控,PC端,300
2021-Sep,房价调控,移动端,192
2021-Sep,房价走势,PC端,1170
2021-Sep,房价走势,移动端,1470
2021-Sep,房地产开发,PC端,204
2021-Sep,房地产开发,移动端,744
2021-Sep,房地产税,PC端,1270
2021-Sep,房地产税,移动端,1630
2021-Sep,房屋装修,PC端,756
2021-Sep,房屋装修,移动端,1374
2021-Sep,房贷,PC端,1662
2021-Sep,房贷,移动端,2328
2021-Sep,棚户区,PC端,750
2021-Sep,棚户区,移动端,975
2021-Sep,棚户区改造,PC端,425
2021-Sep,棚户区改造,移动端,380
2021-Sep,租购,PC端,0
2021-Sep,租购,移动端,0
2021-Sep,税费,PC端,990
2021-Sep,税费,移动端,970
2021-Sep,落户,PC端,715
2021-Sep,落户,移动端,1170
2021-Sep,融资,PC端,1355
2021-Sep,融资,移动端,2010
2021-Sep,购房,PC端,1164
2021-Sep,购房,移动端,852
2021-Sep,贷款利率,PC端,1566
2021-Sep,贷款利率,移动端,2346
2021-Sep,限售,PC端,40
2021-Sep,限售,移动端,0
2021-Sep,限购,PC端,348
2021-Sep,限购,移动端,408
2021-Sep,首付,PC端,894
2021-Sep,首付,移动端,1572
2021-Oct,买房,PC端,1770
2021-Oct,买房,移动端,2304
2021-Oct,二手房市场,PC端,192
2021-Oct,二手房市场,移动端,240
2021-Oct,公积金,PC端,2895
2021-Oct,公积金,移动端,5875
2021-Oct,利率上调,PC端,40
2021-Oct,利率上调,移动端,0
2021-Oct,去库存,PC端,620
2021-Oct,去库存,移动端,570
2021-Oct,取消限购,PC端,40
2021-Oct,取消限购,移动端,0
2021-Oct,契税,PC端,1545
2021-Oct,契税,移动端,2530
2021-Oct,学区房,PC端,1272
2021-Oct,学区房,移动端,1698
2021-Oct,安置,PC端,370
2021-Oct,安置,移动端,545
2021-Oct,房产税,PC端,6522
2021-Oct,房产税,移动端,12108
2021-Oct,房价,PC端,2238
2021-Oct,房价,移动端,3396
2021-Oct,房价上涨,PC端,288
2021-Oct,房价上涨,移动端,192
2021-Oct,房价下跌,PC端,1122
2021-Oct,房价下跌,移动端,1476
2021-Oct,房价调控,PC端,336
2021-Oct,房价调控,移动端,150
2021-Oct,房价走势,PC端,1128
2021-Oct,房价走势,移动端,1488
2021-Oct,房地产开发,PC端,252
2021-Oct,房地产开发,移动端,594
2021-Oct,房地产税,PC端,3480
2021-Oct,房地产税,移动端,5755
2021-Oct,房屋装修,PC端,924
2021-Oct,房屋装修,移动端,1350
2021-Oct,房贷,PC端,1710
2021-Oct,房贷,移动端,2346
2021-Oct,棚户区,PC端,675
2021-Oct,棚户区,移动端,1145
2021-Oct,棚户区改造,PC端,505
2021-Oct,棚户区改造,移动端,295
2021-Oct,租购,PC端,0
2021-Oct,租购,移动端,0
2021-Oct,税费,PC端,845
2021-Oct,税费,移动端,915
2021-Oct,落户,PC端,700
2021-Oct,落户,移动端,985
2021-Oct,融资,PC端,1365
2021-Oct,融资,移动端,1915
2021-Oct,购房,PC端,654
2021-Oct,购房,移动端,600
2021-Oct,贷款利率,PC端,1542
2021-Oct,贷款利率,移动端,2478
2021-Oct,限售,PC端,40
2021-Oct,限售,移动端,80
2021-Oct,限购,PC端,444
2021-Oct,限购,移动端,600
2021-Oct,首付,PC端,852
2021-Oct,首付,移动端,1536
2021-Nov,买房,PC端,2076
2021-Nov,买房,移动端,2742
2021-Nov,二手房市场,PC端,144
2021-Nov,二手房市场,移动端,96
2021-Nov,公积金,PC端,3565
2021-Nov,公积金,移动端,7115
2021-Nov,利率上调,PC端,40
2021-Nov,利率上调,移动端,0
2021-Nov,去库存,PC端,575
2021-Nov,去库存,移动端,705
2021-Nov,取消限购,PC端,200
2021-Nov,取消限购,移动端,40
2021-Nov,契税,PC端,1840
2021-Nov,契税,移动端,3020
2021-Nov,学区房,PC端,1710
2021-Nov,学区房,移动端,2034
2021-Nov,安置,PC端,570
2021-Nov,安置,移动端,530
2021-Nov,房产税,PC端,4116
2021-Nov,房产税,移动端,6906
2021-Nov,房价,PC端,2754
2021-Nov,房价,移动端,3918
2021-Nov,房价上涨,PC端,192
2021-Nov,房价上涨,移动端,354
2021-Nov,房价下跌,PC端,1146
2021-Nov,房价下跌,移动端,1752
2021-Nov,房价调控,PC端,96
2021-Nov,房价调控,移动端,0
2021-Nov,房价走势,PC端,1350
2021-Nov,房价走势,移动端,1812
2021-Nov,房地产开发,PC端,600
2021-Nov,房地产开发,移动端,1158
2021-Nov,房地产税,PC端,2320
2021-Nov,房地产税,移动端,3085
2021-Nov,房屋装修,PC端,1314
2021-Nov,房屋装修,移动端,1602
2021-Nov,房贷,PC端,2196
2021-Nov,房贷,移动端,2898
2021-Nov,棚户区,PC端,930
2021-Nov,棚户区,移动端,1260
2021-Nov,棚户区改造,PC端,750
2021-Nov,棚户区改造,移动端,540
2021-Nov,租购,PC端,0
2021-Nov,租购,移动端,0
2021-Nov,税费,PC端,1080
2021-Nov,税费,移动端,1110
2021-Nov,落户,PC端,705
2021-Nov,落户,移动端,1145
2021-Nov,融资,PC端,1780
2021-Nov,融资,移动端,2505
2021-Nov,购房,PC端,990
2021-Nov,购房,移动端,588
2021-Nov,贷款利率,PC端,2142
2021-Nov,贷款利率,移动端,2892
2021-Nov,限售,PC端,120
2021-Nov,限售,移动端,80
2021-Nov,限购,PC端,504
2021-Nov,限购,移动端,900
2021-Nov,首付,PC端,1188
2021-Nov,首付,移动端,1890
2021-Dec,买房,PC端,1728
2021-Dec,买房,移动端,2268
2021-Dec,二手房市场,PC端,144
2021-Dec,二手房市场,移动端,0
2021-Dec,公积金,PC端,3030
2021-Dec,公积金,移动端,5445
2021-Dec,利率上调,PC端,0
2021-Dec,利率上调,移动端,0
2021-Dec,去库存,PC端,625
2021-Dec,去库存,移动端,595
2021-Dec,取消限购,PC端,0
2021-Dec,取消限购,移动端,40
2021-Dec,契税,PC端,1555
2021-Dec,契税,移动端,2285
2021-Dec,学区房,PC端,1188
2021-Dec,学区房,移动端,1590
2021-Dec,安置,PC端,280
2021-Dec,安置,移动端,535
2021-Dec,房产税,PC端,2784
2021-Dec,房产税,移动端,4182
2021-Dec,房价,PC端,1974
2021-Dec,房价,移动端,2838
2021-Dec,房价上涨,PC端,294
2021-Dec,房价上涨,移动端,246
2021-Dec,房价下跌,PC端,600
2021-Dec,房价下跌,移动端,1128
2021-Dec,房价调控,PC端,192
2021-Dec,房价调控,移动端,48
2021-Dec,房价走势,PC端,1080
2021-Dec,房价走势,移动端,1476
2021-Dec,房地产开发,PC端,450
2021-Dec,房地产开发,移动端,498
2021-Dec,房地产税,PC端,1840
2021-Dec,房地产税,移动端,1930
2021-Dec,房屋装修,PC端,702
2021-Dec,房屋装修,移动端,1044
2021-Dec,房贷,PC端,1776
2021-Dec,房贷,移动端,2370
2021-Dec,棚户区,PC端,635
2021-Dec,棚户区,移动端,610
2021-Dec,棚户区改造,PC端,415
2021-Dec,棚户区改造,移动端,450
2021-Dec,租购,PC端,0
2021-Dec,租购,移动端,0
2021-Dec,税费,PC端,990
2021-Dec,税费,移动端,1060
2021-Dec,落户,PC端,830
2021-Dec,落户,移动端,670
2021-Dec,融资,PC端,1390
2021-Dec,融资,移动端,1845
2021-Dec,购房,PC端,396
2021-Dec,购房,移动端,798
2021-Dec,贷款利率,PC端,1734
2021-Dec,贷款利率,移动端,2364
2021-Dec,限售,PC端,165
2021-Dec,限售,移动端,120
2021-Dec,限购,PC端,492
2021-Dec,限购,移动端,714
2021-Dec,首付,PC端,960
2021-Dec,首付,移动端,1440
2022-Jan,买房,PC端,2010
2022-Jan,买房,移动端,2466
2022-Jan,二手房市场,PC端,48
2022-Jan,二手房市场,移动端,48
2022-Jan,公积金,PC端,3175
2022-Jan,公积金,移动端,5505
2022-Jan,利率上调,PC端,40
2022-Jan,利率上调,移动端,0
2022-Jan,去库存,PC端,580
2022-Jan,去库存,移动端,245
2022-Jan,取消限购,PC端,40
2022-Jan,取消限购,移动端,0
2022-Jan,契税,PC端,1625
2022-Jan,契税,移动端,2380
2022-Jan,学区房,PC端,1338
2022-Jan,学区房,移动端,1704
2022-Jan,安置,PC端,200
2022-Jan,安置,移动端,505
2022-Jan,房产税,PC端,2496
2022-Jan,房产税,移动端,3474
2022-Jan,房价,PC端,2346
2022-Jan,房价,移动端,3192
2022-Jan,房价上涨,PC端,192
2022-Jan,房价上涨,移动端,48
2022-Jan,房价下跌,PC端,642
2022-Jan,房价下跌,移动端,840
2022-Jan,房价调控,PC端,48
2022-Jan,房价调控,移动端,0
2022-Jan,房价走势,PC端,1002
2022-Jan,房价走势,移动端,1764
2022-Jan,房地产开发,PC端,246
2022-Jan,房地产开发,移动端,498
2022-Jan,房地产税,PC端,1505
2022-Jan,房地产税,移动端,1700
2022-Jan,房屋装修,PC端,996
2022-Jan,房屋装修,移动端,1104
2022-Jan,房贷,PC端,2016
2022-Jan,房贷,移动端,2784
2022-Jan,棚户区,PC端,955
2022-Jan,棚户区,移动端,675
2022-Jan,棚户区改造,PC端,630
2022-Jan,棚户区改造,移动端,205
2022-Jan,租购,PC端,0
2022-Jan,租购,移动端,0
2022-Jan,税费,PC端,1000
2022-Jan,税费,移动端,955
2022-Jan,落户,PC端,570
2022-Jan,落户,移动端,780
2022-Jan,融资,PC端,1475
2022-Jan,融资,移动端,1995
2022-Jan,购房,PC端,594
2022-Jan,购房,移动端,546
2022-Jan,贷款利率,PC端,1758
2022-Jan,贷款利率,移动端,2664
2022-Jan,限售,PC端,160
2022-Jan,限售,移动端,0
2022-Jan,限购,PC端,492
2022-Jan,限购,移动端,444
2022-Jan,首付,PC端,900
2022-Jan,首付,移动端,1698
2022-Feb,买房,PC端,2010
2022-Feb,买房,移动端,2454
2022-Feb,二手房市场,PC端,48
2022-Feb,二手房市场,移动端,48
2022-Feb,公积金,PC端,3345
2022-Feb,公积金,移动端,6655
2022-Feb,利率上调,PC端,80
2022-Feb,利率上调,移动端,0
2022-Feb,去库存,PC端,415
2022-Feb,去库存,移动端,120
2022-Feb,取消限购,PC端,165
2022-Feb,取消限购,移动端,40
2022-Feb,契税,PC端,1730
2022-Feb,契税,移动端,2530
2022-Feb,学区房,PC端,1308
2022-Feb,学区房,移动端,1638
2022-Feb,安置,PC端,540
2022-Feb,安置,移动端,460
2022-Feb,房产税,PC端,2430
2022-Feb,房产税,移动端,3162
2022-Feb,房价,PC端,2256
2022-Feb,房价,移动端,3240
2022-Feb,房价上涨,PC端,444
2022-Feb,房价上涨,移动端,444
2022-Feb,房价下跌,PC端,1062
2022-Feb,房价下跌,移动端,1128
2022-Feb,房价调控,PC端,294
2022-Feb,房价调控,移动端,0
2022-Feb,房价走势,PC端,1176
2022-Feb,房价走势,移动端,1500
2022-Feb,房地产开发,PC端,240
2022-Feb,房地产开发,移动端,696
2022-Feb,房地产税,PC端,1385
2022-Feb,房地产税,移动端,1395
2022-Feb,房屋装修,PC端,1320
2022-Feb,房屋装修,移动端,1290
2022-Feb,房贷,PC端,2028
2022-Feb,房贷,移动端,2880
2022-Feb,棚户区,PC端,855
2022-Feb,棚户区,移动端,1015
2022-Feb,棚户区改造,PC端,585
2022-Feb,棚户区改造,移动端,420
2022-Feb,租购,PC端,0
2022-Feb,租购,移动端,0
2022-Feb,税费,PC端,870
2022-Feb,税费,移动端,970
2022-Feb,落户,PC端,885
2022-Feb,落户,移动端,930
2022-Feb,融资,PC端,1495
2022-Feb,融资,移动端,1930
2022-Feb,购房,PC端,852
2022-Feb,购房,移动端,894
2022-Feb,贷款利率,PC端,1854
2022-Feb,贷款利率,移动端,2496
2022-Feb,限售,PC端,85
2022-Feb,限售,移动端,80
2022-Feb,限购,PC端,390
2022-Feb,限购,移动端,696
2022-Feb,首付,PC端,1218
2022-Feb,首付,移动端,1644
2022-Mar,买房,PC端,1938
2022-Mar,买房,移动端,2478
2022-Mar,二手房市场,PC端,288
2022-Mar,二手房市场,移动端,150
2022-Mar,公积金,PC端,3145
2022-Mar,公积金,移动端,6695
2022-Mar,利率上调,PC端,80
2022-Mar,利率上调,移动端,0
2022-Mar,去库存,PC端,620
2022-Mar,去库存,移动端,285
2022-Mar,取消限购,PC端,290
2022-Mar,取消限购,移动端,130
2022-Mar,契税,PC端,1745
2022-Mar,契税,移动端,2620
2022-Mar,学区房,PC端,1344
2022-Mar,学区房,移动端,1740
2022-Mar,安置,PC端,495
2022-Mar,安置,移动端,630
2022-Mar,房产税,PC端,2454
2022-Mar,房产税,移动端,3492
2022-Mar,房价,PC端,2154
2022-Mar,房价,移动端,3192
2022-Mar,房价上涨,PC端,390
2022-Mar,房价上涨,移动端,342
2022-Mar,房价下跌,PC端,756
2022-Mar,房价下跌,移动端,972
2022-Mar,房价调控,PC端,96
2022-Mar,房价调控,移动端,0
2022-Mar,房价走势,PC端,1296
2022-Mar,房价走势,移动端,1500
2022-Mar,房地产开发,PC端,942
2022-Mar,房地产开发,移动端,954
2022-Mar,房地产税,PC端,1470
2022-Mar,房地产税,移动端,1530
2022-Mar,房屋装修,PC端,1440
2022-Mar,房屋装修,移动端,1464
2022-Mar,房贷,PC端,1944
2022-Mar,房贷,移动端,2958
2022-Mar,棚户区,PC端,970
2022-Mar,棚户区,移动端,940
2022-Mar,棚户区改造,PC端,680
2022-Mar,棚户区改造,移动端,505
2022-Mar,租购,PC端,0
2022-Mar,租购,移动端,0
2022-Mar,税费,PC端,1100
2022-Mar,税费,移动端,1215
2022-Mar,落户,PC端,895
2022-Mar,落户,移动端,930
2022-Mar,融资,PC端,1510
2022-Mar,融资,移动端,2170
2022-Mar,购房,PC端,948
2022-Mar,购房,移动端,762
2022-Mar,贷款利率,PC端,1926
2022-Mar,贷款利率,移动端,2676
2022-Mar,限售,PC端,205
2022-Mar,限售,移动端,80
2022-Mar,限购,PC端,894
2022-Mar,限购,移动端,450
2022-Mar,首付,PC端,1014
2022-Mar,首付,移动端,1422
2022-Apr,买房,PC端,1800
2022-Apr,买房,移动端,2424
2022-Apr,二手房市场,PC端,144
2022-Apr,二手房市场,移动端,144
2022-Apr,公积金,PC端,2930
2022-Apr,公积金,移动端,6120
2022-Apr,利率上调,PC端,80
2022-Apr,利率上调,移动端,0
2022-Apr,去库存,PC端,580
2022-Apr,去库存,移动端,460
2022-Apr,取消限购,PC端,375
2022-Apr,取消限购,移动端,425
2022-Apr,契税,PC端,1650
2022-Apr,契税,移动端,2420
2022-Apr,学区房,PC端,1374
2022-Apr,学区房,移动端,1746
2022-Apr,安置,PC端,410
2022-Apr,安置,移动端,735
2022-Apr,房产税,PC端,2190
2022-Apr,房产税,移动端,2604
2022-Apr,房价,PC端,2046
2022-Apr,房价,移动端,3090
2022-Apr,房价上涨,PC端,96
2022-Apr,房价上涨,移动端,342
2022-Apr,房价下跌,PC端,846
2022-Apr,房价下跌,移动端,966
2022-Apr,房价调控,PC端,96
2022-Apr,房价调控,移动端,0
2022-Apr,房价走势,PC端,1008
2022-Apr,房价走势,移动端,1494
2022-Apr,房地产开发,PC端,744
2022-Apr,房地产开发,移动端,1212
2022-Apr,房地产税,PC端,845
2022-Apr,房地产税,移动端,1130
2022-Apr,房屋装修,PC端,1380
2022-Apr,房屋装修,移动端,1770
2022-Apr,房贷,PC端,1866
2022-Apr,房贷,移动端,2814
2022-Apr,棚户区,PC端,835
2022-Apr,棚户区,移动端,795
2022-Apr,棚户区改造,PC端,460
2022-Apr,棚户区改造,移动端,260
2022-Apr,租购,PC端,0
2022-Apr,租购,移动端,0
2022-Apr,税费,PC端,950
2022-Apr,税费,移动端,1075
2022-Apr,落户,PC端,835
2022-Apr,落户,移动端,1020
2022-Apr,融资,PC端,1380
2022-Apr,融资,移动端,2090
2022-Apr,购房,PC端,798
2022-Apr,购房,移动端,696
2022-Apr,贷款利率,PC端,1806
2022-Apr,贷款利率,移动端,2448
2022-Apr,限售,PC端,125
2022-Apr,限售,移动端,120
2022-Apr,限购,PC端,504
2022-Apr,限购,移动端,756
2022-Apr,首付,PC端,1104
2022-Apr,首付,移动端,1566
2022-May,买房,PC端,2280
2022-May,买房,移动端,3060
2022-May,二手房市场,PC端,240
2022-May,二手房市场,移动端,48
2022-May,公积金,PC端,3550
2022-May,公积金,移动端,7865
2022-May,利率上调,PC端,0
2022-May,利率上调,移动端,0
2022-May,去库存,PC端,830
2022-May,去库存,移动端,625
2022-May,取消限购,PC端,500
2022-May,取消限购,移动端,495
2022-May,契税,PC端,2030
2022-May,契税,移动端,3110
2022-May,学区房,PC端,1698
2022-May,学区房,移动端,2106
2022-May,安置,PC端,405
2022-May,安置,移动端,840
2022-May,房产税,PC端,2508
2022-May,房产税,移动端,3102
2022-May,房价,PC端,2526
2022-May,房价,移动端,3918
2022-May,房价上涨,PC端,594
2022-May,房价上涨,移动端,546
2022-May,房价下跌,PC端,1146
2022-May,房价下跌,移动端,1446
2022-May,房价调控,PC端,48
2022-May,房价调控,移动端,48
2022-May,房价走势,PC端,1536
2022-May,房价走势,移动端,1842
2022-May,房地产开发,PC端,660
2022-May,房地产开发,移动端,1698
2022-May,房地产税,PC端,1245
2022-May,房地产税,移动端,1590
2022-May,房屋装修,PC端,1332
2022-May,房屋装修,移动端,2088
2022-May,房贷,PC端,2604
2022-May,房贷,移动端,3948
2022-May,棚户区,PC端,885
2022-May,棚户区,移动端,1130
2022-May,棚户区改造,PC端,635
2022-May,棚户区改造,移动端,535
2022-May,租购,PC端,0
2022-May,租购,移动端,0
2022-May,税费,PC端,980
2022-May,税费,移动端,1175
2022-May,落户,PC端,745
2022-May,落户,移动端,1180
2022-May,融资,PC端,1740
2022-May,融资,移动端,2625
2022-May,购房,PC端,1038
2022-May,购房,移动端,948
2022-May,贷款利率,PC端,2448
2022-May,贷款利率,移动端,3774
2022-May,限售,PC端,165
2022-May,限售,移动端,280
2022-May,限购,PC端,1242
2022-May,限购,移动端,1512
2022-May,首付,PC端,1176
2022-May,首付,移动端,1932
2022-Jun,买房,PC端,1806
2022-Jun,买房,移动端,2394
2022-Jun,二手房市场,PC端,192
2022-Jun,二手房市场,移动端,0
2022-Jun,公积金,PC端,3175
2022-Jun,公积金,移动端,6560
2022-Jun,利率上调,PC端,80
2022-Jun,利率上调,移动端,125
2022-Jun,去库存,PC端,580
2022-Jun,去库存,移动端,325
2022-Jun,取消限购,PC端,320
2022-Jun,取消限购,移动端,80
2022-Jun,契税,PC端,1715
2022-Jun,契税,移动端,2620
2022-Jun,学区房,PC端,1254
2022-Jun,学区房,移动端,1644
2022-Jun,安置,PC端,365
2022-Jun,安置,移动端,455
2022-Jun,房产税,PC端,2106
2022-Jun,房产税,移动端,2586
2022-Jun,房价,PC端,2016
2022-Jun,房价,移动端,2856
2022-Jun,房价上涨,PC端,144
2022-Jun,房价上涨,移动端,192
2022-Jun,房价下跌,PC端,1104
2022-Jun,房价下跌,移动端,906
2022-Jun,房价调控,PC端,96
2022-Jun,房价调控,移动端,0
2022-Jun,房价走势,PC端,1140
2022-Jun,房价走势,移动端,1428
2022-Jun,房地产开发,PC端,690
2022-Jun,房地产开发,移动端,1218
2022-Jun,房地产税,PC端,1045
2022-Jun,房地产税,移动端,1250
2022-Jun,房屋装修,PC端,1062
2022-Jun,房屋装修,移动端,1434
2022-Jun,房贷,PC端,1758
2022-Jun,房贷,移动端,2574
2022-Jun,棚户区,PC端,980
2022-Jun,棚户区,移动端,880
2022-Jun,棚户区改造,PC端,660
2022-Jun,棚户区改造,移动端,575
2022-Jun,租购,PC端,0
2022-Jun,租购,移动端,0
2022-Jun,税费,PC端,875
2022-Jun,税费,移动端,890
2022-Jun,落户,PC端,810
2022-Jun,落户,移动端,1190
2022-Jun,融资,PC端,1435
2022-Jun,融资,移动端,1925
2022-Jun,购房,PC端,642
2022-Jun,购房,移动端,948
2022-Jun,贷款利率,PC端,1872
2022-Jun,贷款利率,移动端,2670
2022-Jun,限售,PC端,160
2022-Jun,限售,移动端,0
2022-Jun,限购,PC端,594
2022-Jun,限购,移动端,1260
2022-Jun,首付,PC端,1032
2022-Jun,首付,移动端,1464
2022-Jul,买房,PC端,1818
2022-Jul,买房,移动端,2232
2022-Jul,二手房市场,PC端,96
2022-Jul,二手房市场,移动端,48
2022-Jul,公积金,PC端,3735
2022-Jul,公积金,移动端,7115
2022-Jul,利率上调,PC端,0
2022-Jul,利率上调,移动端,0
2022-Jul,去库存,PC端,495
2022-Jul,去库存,移动端,290
2022-Jul,取消限购,PC端,295
2022-Jul,取消限购,移动端,120
2022-Jul,契税,PC端,1740
2022-Jul,契税,移动端,2385
2022-Jul,学区房,PC端,1326
2022-Jul,学区房,移动端,1770
2022-Jul,安置,PC端,410
2022-Jul,安置,移动端,625
2022-Jul,房产税,PC端,2202
2022-Jul,房产税,移动端,2652
2022-Jul,房价,PC端,1956
2022-Jul,房价,移动端,2868
2022-Jul,房价上涨,PC端,144
2022-Jul,房价上涨,移动端,96
2022-Jul,房价下跌,PC端,906
2022-Jul,房价下跌,移动端,1410
2022-Jul,房价调控,PC端,48
2022-Jul,房价调控,移动端,0
2022-Jul,房价走势,PC端,1200
2022-Jul,房价走势,移动端,1380
2022-Jul,房地产开发,PC端,492
2022-Jul,房地产开发,移动端,1260
2022-Jul,房地产税,PC端,1105
2022-Jul,房地产税,移动端,960
2022-Jul,房屋装修,PC端,1200
2022-Jul,房屋装修,移动端,1308
2022-Jul,房贷,PC端,1728
2022-Jul,房贷,移动端,2436
2022-Jul,棚户区,PC端,870
2022-Jul,棚户区,移动端,880
2022-Jul,棚户区改造,PC端,620
2022-Jul,棚户区改造,移动端,210
2022-Jul,租购,PC端,0
2022-Jul,租购,移动端,0
2022-Jul,税费,PC端,1045
2022-Jul,税费,移动端,760
2022-Jul,落户,PC端,800
2022-Jul,落户,移动端,635
2022-Jul,融资,PC端,1445
2022-Jul,融资,移动端,1780
2022-Jul,购房,PC端,804
2022-Jul,购房,移动端,588
2022-Jul,贷款利率,PC端,1800
2022-Jul,贷款利率,移动端,2280
2022-Jul,限售,PC端,120
2022-Jul,限售,移动端,40
2022-Jul,限购,PC端,390
2022-Jul,限购,移动端,552
2022-Jul,首付,PC端,1008
2022-Jul,首付,移动端,1434
2022-Aug,买房,PC端,2280
2022-Aug,买房,移动端,2730
2022-Aug,二手房市场,PC端,336
2022-Aug,二手房市场,移动端,0
2022-Aug,公积金,PC端,3900
2022-Aug,公积金,移动端,7835
2022-Aug,利率上调,PC端,40
2022-Aug,利率上调,移动端,0
2022-Aug,去库存,PC端,740
2022-Aug,去库存,移动端,405
2022-Aug,取消限购,PC端,205
2022-Aug,取消限购,移动端,165
2022-Aug,契税,PC端,2195
2022-Aug,契税,移动端,2940
2022-Aug,学区房,PC端,1620
2022-Aug,学区房,移动端,2022
2022-Aug,安置,PC端,535
2022-Aug,安置,移动端,830
2022-Aug,房产税,PC端,2676
2022-Aug,房产税,移动端,2940
2022-Aug,房价,PC端,2472
2022-Aug,房价,移动端,3348
2022-Aug,房价上涨,PC端,438
2022-Aug,房价上涨,移动端,144
2022-Aug,房价下跌,PC端,1068
2022-Aug,房价下跌,移动端,1668
2022-Aug,房价调控,PC端,48
2022-Aug,房价调控,移动端,0
2022-Aug,房价走势,PC端,1410
2022-Aug,房价走势,移动端,1836
2022-Aug,房地产开发,PC端,348
2022-Aug,房地产开发,移动端,1818
2022-Aug,房地产税,PC端,1260
2022-Aug,房地产税,移动端,1345
2022-Aug,房屋装修,PC端,1428
2022-Aug,房屋装修,移动端,2220
2022-Aug,房贷,PC端,2202
2022-Aug,房贷,移动端,3138
2022-Aug,棚户区,PC端,790
2022-Aug,棚户区,移动端,875
2022-Aug,棚户区改造,PC端,495
2022-Aug,棚户区改造,移动端,245
2022-Aug,租购,PC端,0
2022-Aug,租购,移动端,0
2022-Aug,税费,PC端,1240
2022-Aug,税费,移动端,160
2022-Aug,落户,PC端,805
2022-Aug,落户,移动端,415
2022-Aug,融资,PC端,1710
2022-Aug,融资,移动端,2095
2022-Aug,购房,PC端,984
2022-Aug,购房,移动端,342
2022-Aug,贷款利率,PC端,2334
2022-Aug,贷款利率,移动端,3042
2022-Aug,限售,PC端,80
2022-Aug,限售,移动端,0
2022-Aug,限购,PC端,936
2022-Aug,限购,移动端,948
2022-Aug,首付,PC端,990
2022-Aug,首付,移动端,1908
2022-Sep,买房,PC端,1710
2022-Sep,买房,移动端,2400
2022-Sep,二手房市场,PC端,48
2022-Sep,二手房市场,移动端,48
2022-Sep,公积金,PC端,2905
2022-Sep,公积金,移动端,5955
2022-Sep,利率上调,PC端,80
2022-Sep,利率上调,移动端,40
2022-Sep,去库存,PC端,530
2022-Sep,去库存,移动端,210
2022-Sep,取消限购,PC端,210
2022-Sep,取消限购,移动端,170
2022-Sep,契税,PC端,1675
2022-Sep,契税,移动端,2295
2022-Sep,学区房,PC端,1176
2022-Sep,学区房,移动端,1614
2022-Sep,安置,PC端,415
2022-Sep,安置,移动端,455
2022-Sep,房产税,PC端,2040
2022-Sep,房产税,移动端,2382
2022-Sep,房价,PC端,1938
2022-Sep,房价,移动端,2694
2022-Sep,房价上涨,PC端,288
2022-Sep,房价上涨,移动端,258
2022-Sep,房价下跌,PC端,858
2022-Sep,房价下跌,移动端,1224
2022-Sep,房价调控,PC端,144
2022-Sep,房价调控,移动端,0
2022-Sep,房价走势,PC端,1248
2022-Sep,房价走势,移动端,1542
2022-Sep,房地产开发,PC端,636
2022-Sep,房地产开发,移动端,1272
2022-Sep,房地产税,PC端,1030
2022-Sep,房地产税,移动端,1130
2022-Sep,房屋装修,PC端,984
2022-Sep,房屋装修,移动端,1794
2022-Sep,房贷,PC端,1704
2022-Sep,房贷,移动端,2418
2022-Sep,棚户区,PC端,715
2022-Sep,棚户区,移动端,730
2022-Sep,棚户区改造,PC端,415
2022-Sep,棚户区改造,移动端,365
2022-Sep,租购,PC端,0
2022-Sep,租购,移动端,0
2022-Sep,税费,PC端,735
2022-Sep,税费,移动端,370
2022-Sep,落户,PC端,720
2022-Sep,落户,移动端,450
2022-Sep,融资,PC端,1385
2022-Sep,融资,移动端,1815
2022-Sep,购房,PC端,690
2022-Sep,购房,移动端,642
2022-Sep,贷款利率,PC端,1890
2022-Sep,贷款利率,移动端,2646
2022-Sep,限售,PC端,405
2022-Sep,限售,移动端,40
2022-Sep,限购,PC端,504
2022-Sep,限购,移动端,1320
2022-Sep,首付,PC端,942
2022-Sep,首付,移动端,1284
2022-Oct,买房,PC端,2118
2022-Oct,买房,移动端,2976
2022-Oct,二手房市场,PC端,444
2022-Oct,二手房市场,移动端,48
2022-Oct,公积金,PC端,3540
2022-Oct,公积金,移动端,7085
2022-Oct,利率上调,PC端,40
2022-Oct,利率上调,移动端,130
2022-Oct,去库存,PC端,490
2022-Oct,去库存,移动端,450
2022-Oct,取消限购,PC端,80
2022-Oct,取消限购,移动端,80
2022-Oct,契税,PC端,2080
2022-Oct,契税,移动端,2835
2022-Oct,学区房,PC端,1380
2022-Oct,学区房,移动端,1944
2022-Oct,安置,PC端,485
2022-Oct,安置,移动端,620
2022-Oct,房产税,PC端,3258
2022-Oct,房产税,移动端,3858
2022-Oct,房价,PC端,2376
2022-Oct,房价,移动端,3402
2022-Oct,房价上涨,PC端,192
2022-Oct,房价上涨,移动端,288
2022-Oct,房价下跌,PC端,852
2022-Oct,房价下跌,移动端,1494
2022-Oct,房价调控,PC端,48
2022-Oct,房价调控,移动端,48
2022-Oct,房价走势,PC端,1374
2022-Oct,房价走势,移动端,1776
2022-Oct,房地产开发,PC端,750
2022-Oct,房地产开发,移动端,1770
2022-Oct,房地产税,PC端,1365
2022-Oct,房地产税,移动端,1670
2022-Oct,房屋装修,PC端,1308
2022-Oct,房屋装修,移动端,2064
2022-Oct,房贷,PC端,2082
2022-Oct,房贷,移动端,3024
2022-Oct,棚户区,PC端,760
2022-Oct,棚户区,移动端,1130
2022-Oct,棚户区改造,PC端,620
2022-Oct,棚户区改造,移动端,415
2022-Oct,租购,PC端,0
2022-Oct,租购,移动端,0
2022-Oct,税费,PC端,1200
2022-Oct,税费,移动端,750
2022-Oct,落户,PC端,750
2022-Oct,落户,移动端,795
2022-Oct,融资,PC端,1710
2022-Oct,融资,移动端,2260
2022-Oct,购房,PC端,1044
2022-Oct,购房,移动端,810
2022-Oct,贷款利率,PC端,2292
2022-Oct,贷款利率,移动端,3120
2022-Oct,限售,PC端,240
2022-Oct,限售,移动端,40
2022-Oct,限购,PC端,594
2022-Oct,限购,移动端,900
2022-Oct,首付,PC端,1008
2022-Oct,首付,移动端,1788
2022-Nov,买房,PC端,1662
2022-Nov,买房,移动端,2418
2022-Nov,二手房市场,PC端,48
2022-Nov,二手房市场,移动端,48
2022-Nov,公积金,PC端,2625
2022-Nov,公积金,移动端,4445
2022-Nov,利率上调,PC端,80
2022-Nov,利率上调,移动端,120
2022-Nov,去库存,PC端,540
2022-Nov,去库存,移动端,375
2022-Nov,取消限购,PC端,40
2022-Nov,取消限购,移动端,0
2022-Nov,契税,PC端,1545
2022-Nov,契税,移动端,1970
2022-Nov,学区房,PC端,1056
2022-Nov,学区房,移动端,1368
2022-Nov,安置,PC端,205
2022-Nov,安置,移动端,670
2022-Nov,房产税,PC端,2178
2022-Nov,房产税,移动端,2778
2022-Nov,房价,PC端,1776
2022-Nov,房价,移动端,2226
2022-Nov,房价上涨,PC端,48
2022-Nov,房价上涨,移动端,144
2022-Nov,房价下跌,PC端,600
2022-Nov,房价下跌,移动端,1014
2022-Nov,房价调控,PC端,0
2022-Nov,房价调控,移动端,0
2022-Nov,房价走势,PC端,1110
2022-Nov,房价走势,移动端,1170
2022-Nov,房地产开发,PC端,546
2022-Nov,房地产开发,移动端,1266
2022-Nov,房地产税,PC端,1040
2022-Nov,房地产税,移动端,1175
2022-Nov,房屋装修,PC端,972
2022-Nov,房屋装修,移动端,1518
2022-Nov,房贷,PC端,1662
2022-Nov,房贷,移动端,2208
2022-Nov,棚户区,PC端,500
2022-Nov,棚户区,移动端,865
2022-Nov,棚户区改造,PC端,245
2022-Nov,棚户区改造,移动端,415
2022-Nov,租购,PC端,0
2022-Nov,租购,移动端,0
2022-Nov,税费,PC端,925
2022-Nov,税费,移动端,845
2022-Nov,落户,PC端,325
2022-Nov,落户,移动端,805
2022-Nov,融资,PC端,1395
2022-Nov,融资,移动端,1775
2022-Nov,购房,PC端,588
2022-Nov,购房,移动端,396
2022-Nov,贷款利率,PC端,1746
2022-Nov,贷款利率,移动端,2178
2022-Nov,限售,PC端,40
2022-Nov,限售,移动端,80
2022-Nov,限购,PC端,246
2022-Nov,限购,移动端,192
2022-Nov,首付,PC端,942
2022-Nov,首付,移动端,1524
2022-Dec,买房,PC端,1662
2022-Dec,买房,移动端,2232
2022-Dec,二手房市场,PC端,0
2022-Dec,二手房市场,移动端,48
2022-Dec,公积金,PC端,2520
2022-Dec,公积金,移动端,3860
2022-Dec,利率上调,PC端,80
2022-Dec,利率上调,移动端,80
2022-Dec,去库存,PC端,330
2022-Dec,去库存,移动端,165
2022-Dec,取消限购,PC端,205
2022-Dec,取消限购,移动端,210
2022-Dec,契税,PC端,1515
2022-Dec,契税,移动端,2005
2022-Dec,学区房,PC端,756
2022-Dec,学区房,移动端,1296
2022-Dec,安置,PC端,245
2022-Dec,安置,移动端,500
2022-Dec,房产税,PC端,1896
2022-Dec,房产税,移动端,2226
2022-Dec,房价,PC端,1716
2022-Dec,房价,移动端,2118
2022-Dec,房价上涨,PC端,342
2022-Dec,房价上涨,移动端,150
2022-Dec,房价下跌,PC端,438
2022-Dec,房价下跌,移动端,588
2022-Dec,房价调控,PC端,0
2022-Dec,房价调控,移动端,0
2022-Dec,房价走势,PC端,1056
2022-Dec,房价走势,移动端,930
2022-Dec,房地产开发,PC端,690
2022-Dec,房地产开发,移动端,942
2022-Dec,房地产税,PC端,940
2022-Dec,房地产税,移动端,1000
2022-Dec,房屋装修,PC端,1008
2022-Dec,房屋装修,移动端,1758
2022-Dec,房贷,PC端,1554
2022-Dec,房贷,移动端,2022
2022-Dec,棚户区,PC端,625
2022-Dec,棚户区,移动端,665
2022-Dec,棚户区改造,PC端,295
2022-Dec,棚户区改造,移动端,205
2022-Dec,租购,PC端,0
2022-Dec,租购,移动端,0
2022-Dec,税费,PC端,650
2022-Dec,税费,移动端,705
2022-Dec,落户,PC端,465
2022-Dec,落户,移动端,580
2022-Dec,融资,PC端,1240
2022-Dec,融资,移动端,1470
2022-Dec,购房,PC端,450
2022-Dec,购房,移动端,192
2022-Dec,贷款利率,PC端,1668
2022-Dec,贷款利率,移动端,2118
2022-Dec,限售,PC端,80
2022-Dec,限售,移动端,80
2022-Dec,限购,PC端,510
2022-Dec,限购,移动端,756
2022-Dec,首付,PC端,744
2022-Dec,首付,移动端,1374
2023-Jan,买房,PC端,2118
2023-Jan,买房,移动端,3054
2023-Jan,二手房市场,PC端,96
2023-Jan,二手房市场,移动端,0
2023-Jan,公积金,PC端,3335
2023-Jan,公积金,移动端,5510
2023-Jan,利率上调,PC端,120
2023-Jan,利率上调,移动端,40
2023-Jan,去库存,PC端,370
2023-Jan,去库存,移动端,120
2023-Jan,取消限购,PC端,120
2023-Jan,取消限购,移动端,40
2023-Jan,契税,PC端,1795
2023-Jan,契税,移动端,2535
2023-Jan,学区房,PC端,1236
2023-Jan,学区房,移动端,1704
2023-Jan,安置,PC端,495
2023-Jan,安置,移动端,490
2023-Jan,房产税,PC端,2238
2023-Jan,房产税,移动端,2598
2023-Jan,房价,PC端,2280
2023-Jan,房价,移动端,5346
2023-Jan,房价上涨,PC端,300
2023-Jan,房价上涨,移动端,96
2023-Jan,房价下跌,PC端,600
2023-Jan,房价下跌,移动端,744
2023-Jan,房价调控,PC端,0
2023-Jan,房价调控,移动端,0
2023-Jan,房价走势,PC端,966
2023-Jan,房价走势,移动端,1512
2023-Jan,房地产开发,PC端,396
2023-Jan,房地产开发,移动端,1050
2023-Jan,房地产税,PC端,1030
2023-Jan,房地产税,移动端,1175
2023-Jan,房屋装修,PC端,1212
2023-Jan,房屋装修,移动端,1968
2023-Jan,房贷,PC端,2220
2023-Jan,房贷,移动端,3006
2023-Jan,棚户区,PC端,665
2023-Jan,棚户区,移动端,795
2023-Jan,棚户区改造,PC端,460
2023-Jan,棚户区改造,移动端,170
2023-Jan,租购,PC端,0
2023-Jan,租购,移动端,0
2023-Jan,税费,PC端,990
2023-Jan,税费,移动端,805
2023-Jan,落户,PC端,625
2023-Jan,落户,移动端,575
2023-Jan,融资,PC端,1540
2023-Jan,融资,移动端,1835
2023-Jan,购房,PC端,1062
2023-Jan,购房,移动端,792
2023-Jan,贷款利率,PC端,2208
2023-Jan,贷款利率,移动端,3150
2023-Jan,限售,PC端,80
2023-Jan,限售,移动端,40
2023-Jan,限购,PC端,750
2023-Jan,限购,移动端,486
2023-Jan,首付,PC端,960
2023-Jan,首付,移动端,1866
2023-Feb,买房,PC端,1908
2023-Feb,买房,移动端,2616
2023-Feb,二手房市场,PC端,192
2023-Feb,二手房市场,移动端,0
2023-Feb,公积金,PC端,3205
2023-Feb,公积金,移动端,6565
2023-Feb,利率上调,PC端,210
2023-Feb,利率上调,移动端,130
2023-Feb,去库存,PC端,405
2023-Feb,去库存,移动端,120
2023-Feb,取消限购,PC端,285
2023-Feb,取消限购,移动端,0
2023-Feb,契税,PC端,1900
2023-Feb,契税,移动端,2830
2023-Feb,学区房,PC端,1320
2023-Feb,学区房,移动端,1662
2023-Feb,安置,PC端,420
2023-Feb,安置,移动端,630
2023-Feb,房产税,PC端,2340
2023-Feb,房产税,移动端,2808
2023-Feb,房价,PC端,2202
2023-Feb,房价,移动端,8802
2023-Feb,房价上涨,PC端,420
2023-Feb,房价上涨,移动端,858
2023-Feb,房价下跌,PC端,840
2023-Feb,房价下跌,移动端,690
2023-Feb,房价调控,PC端,0
2023-Feb,房价调控,移动端,0
2023-Feb,房价走势,PC端,1278
2023-Feb,房价走势,移动端,1488
2023-Feb,房地产开发,PC端,444
2023-Feb,房地产开发,移动端,1212
2023-Feb,房地产税,PC端,1140
2023-Feb,房地产税,移动端,1285
2023-Feb,房屋装修,PC端,1026
2023-Feb,房屋装修,移动端,2046
2023-Feb,房贷,PC端,2124
2023-Feb,房贷,移动端,3180
2023-Feb,棚户区,PC端,760
2023-Feb,棚户区,移动端,765
2023-Feb,棚户区改造,PC端,620
2023-Feb,棚户区改造,移动端,245
2023-Feb,租购,PC端,0
2023-Feb,租购,移动端,0
2023-Feb,税费,PC端,1010
2023-Feb,税费,移动端,885
2023-Feb,落户,PC端,815
2023-Feb,落户,移动端,730
2023-Feb,融资,PC端,1390
2023-Feb,融资,移动端,1825
2023-Feb,购房,PC端,954
2023-Feb,购房,移动端,912
2023-Feb,贷款利率,PC端,2226
2023-Feb,贷款利率,移动端,3546
2023-Feb,限售,PC端,205
2023-Feb,限售,移动端,80
2023-Feb,限购,PC端,348
2023-Feb,限购,移动端,852
2023-Feb,首付,PC端,1110
2023-Feb,首付,移动端,1536
2023-Mar,买房,PC端,1812
2023-Mar,买房,移动端,2634
2023-Mar,二手房市场,PC端,288
2023-Mar,二手房市场,移动端,48
2023-Mar,公积金,PC端,3020
2023-Mar,公积金,移动端,5990
2023-Mar,利率上调,PC端,80
2023-Mar,利率上调,移动端,0
2023-Mar,去库存,PC端,340
2023-Mar,去库存,移动端,160
2023-Mar,取消限购,PC端,80
2023-Mar,取消限购,移动端,0
2023-Mar,契税,PC端,1770
2023-Mar,契税,移动端,2600
2023-Mar,学区房,PC端,1098
2023-Mar,学区房,移动端,1602
2023-Mar,安置,PC端,375
2023-Mar,安置,移动端,785
2023-Mar,房产税,PC端,2370
2023-Mar,房产税,移动端,2922
2023-Mar,房价,PC端,1872
2023-Mar,房价,移动端,7416
2023-Mar,房价上涨,PC端,498
2023-Mar,房价上涨,移动端,300
2023-Mar,房价下跌,PC端,342
2023-Mar,房价下跌,移动端,546
2023-Mar,房价调控,PC端,0
2023-Mar,房价调控,移动端,0
2023-Mar,房价走势,PC端,984
2023-Mar,房价走势,移动端,1608
2023-Mar,房地产开发,PC端,396
2023-Mar,房地产开发,移动端,948
2023-Mar,房地产税,PC端,1130
2023-Mar,房地产税,移动端,1490
2023-Mar,房屋装修,PC端,1068
2023-Mar,房屋装修,移动端,1584
2023-Mar,房贷,PC端,1770
2023-Mar,房贷,移动端,2772
2023-Mar,棚户区,PC端,915
2023-Mar,棚户区,移动端,805
2023-Mar,棚户区改造,PC端,455
2023-Mar,棚户区改造,移动端,375
2023-Mar,租购,PC端,0
2023-Mar,租购,移动端,0
2023-Mar,税费,PC端,1170
2023-Mar,税费,移动端,990
2023-Mar,落户,PC端,835
2023-Mar,落户,移动端,840
2023-Mar,融资,PC端,1375
2023-Mar,融资,移动端,1915
2023-Mar,购房,PC端,552
2023-Mar,购房,移动端,846
2023-Mar,贷款利率,PC端,1812
2023-Mar,贷款利率,移动端,2784
2023-Mar,限售,PC端,40
2023-Mar,限售,移动端,0
2023-Mar,限购,PC端,144
2023-Mar,限购,移动端,642
2023-Mar,首付,PC端,648
2023-Mar,首付,移动端,1506
2023-Apr,买房,PC端,1698
2023-Apr,买房,移动端,5100
2023-Apr,二手房市场,PC端,192
2023-Apr,二手房市场,移动端,102
2023-Apr,公积金,PC端,2915
2023-Apr,公积金,移动端,5335
2023-Apr,利率上调,PC端,120
2023-Apr,利率上调,移动端,130
2023-Apr,去库存,PC端,450
2023-Apr,去库存,移动端,205
2023-Apr,取消限购,PC端,40
2023-Apr,取消限购,移动端,0
2023-Apr,契税,PC端,1775
2023-Apr,契税,移动端,2445
2023-Apr,学区房,PC端,1326
2023-Apr,学区房,移动端,1566
2023-Apr,安置,PC端,415
2023-Apr,安置,移动端,545
2023-Apr,房产税,PC端,2796
2023-Apr,房产税,移动端,3798
2023-Apr,房价,PC端,1878
2023-Apr,房价,移动端,6228
2023-Apr,房价上涨,PC端,294
2023-Apr,房价上涨,移动端,210
2023-Apr,房价下跌,PC端,444
2023-Apr,房价下跌,移动端,702
2023-Apr,房价调控,PC端,0
2023-Apr,房价调控,移动端,0
2023-Apr,房价走势,PC端,810
2023-Apr,房价走势,移动端,1008
2023-Apr,房地产开发,PC端,552
2023-Apr,房地产开发,移动端,864
2023-Apr,房地产税,PC端,1340
2023-Apr,房地产税,移动端,1620
2023-Apr,房屋装修,PC端,1014
2023-Apr,房屋装修,移动端,1812
2023-Apr,房贷,PC端,1590
2023-Apr,房贷,移动端,2472
2023-Apr,棚户区,PC端,580
2023-Apr,棚户区,移动端,885
2023-Apr,棚户区改造,PC端,660
2023-Apr,棚户区改造,移动端,410
2023-Apr,租购,PC端,0
2023-Apr,租购,移动端,0
2023-Apr,税费,PC端,950
2023-Apr,税费,移动端,855
2023-Apr,落户,PC端,635
2023-Apr,落户,移动端,715
2023-Apr,融资,PC端,1320
2023-Apr,融资,移动端,1870
2023-Apr,购房,PC端,594
2023-Apr,购房,移动端,510
2023-Apr,贷款利率,PC端,1818
2023-Apr,贷款利率,移动端,2466
2023-Apr,限售,PC端,80
2023-Apr,限售,移动端,0
2023-Apr,限购,PC端,390
2023-Apr,限购,移动端,486
2023-Apr,首付,PC端,696
2023-Apr,首付,移动端,1416
2023-May,买房,PC端,2160
2023-May,买房,移动端,7092
2023-May,二手房市场,PC端,300
2023-May,二手房市场,移动端,144
2023-May,公积金,PC端,3415
2023-May,公积金,移动端,6445
2023-May,利率上调,PC端,40
2023-May,利率上调,移动端,40
2023-May,去库存,PC端,455
2023-May,去库存,移动端,120
2023-May,取消限购,PC端,80
2023-May,取消限购,移动端,130
2023-May,契税,PC端,1985
2023-May,契税,移动端,3020
2023-May,学区房,PC端,1266
2023-May,学区房,移动端,1950
2023-May,安置,PC端,330
2023-May,安置,移动端,835
2023-May,房产税,PC端,2934
2023-May,房产税,移动端,3810
2023-May,房价,PC端,2544
2023-May,房价,移动端,7920
2023-May,房价上涨,PC端,150
2023-May,房价上涨,移动端,198
2023-May,房价下跌,PC端,1104
2023-May,房价下跌,移动端,1248
2023-May,房价调控,PC端,48
2023-May,房价调控,移动端,0
2023-May,房价走势,PC端,1374
2023-May,房价走势,移动端,1380
2023-May,房地产开发,PC端,498
2023-May,房地产开发,移动端,750
2023-May,房地产税,PC端,1480
2023-May,房地产税,移动端,1600
2023-May,房屋装修,PC端,1152
2023-May,房屋装修,移动端,1752
2023-May,房贷,PC端,1938
2023-May,房贷,移动端,2886
2023-May,棚户区,PC端,835
2023-May,棚户区,移动端,1045
2023-May,棚户区改造,PC端,950
2023-May,棚户区改造,移动端,380
2023-May,租购,PC端,0
2023-May,租购,移动端,0
2023-May,税费,PC端,1025
2023-May,税费,移动端,995
2023-May,落户,PC端,875
2023-May,落户,移动端,1180
2023-May,融资,PC端,1615
2023-May,融资,移动端,2255
2023-May,购房,PC端,834
2023-May,购房,移动端,900
2023-May,贷款利率,PC端,2208
2023-May,贷款利率,移动端,3138
2023-May,限售,PC端,0
2023-May,限售,移动端,0
2023-May,限购,PC端,498
2023-May,限购,移动端,390
2023-May,首付,PC端,996
2023-May,首付,移动端,1704
2023-Jun,买房,PC端,1692
2023-Jun,买房,移动端,13806
2023-Jun,二手房市场,PC端,150
2023-Jun,二手房市场,移动端,48
2023-Jun,公积金,PC端,3015
2023-Jun,公积金,移动端,5385
2023-Jun,利率上调,PC端,0
2023-Jun,利率上调,移动端,0
2023-Jun,去库存,PC端,455
2023-Jun,去库存,移动端,205
2023-Jun,取消限购,PC端,285
2023-Jun,取消限购,移动端,415
2023-Jun,契税,PC端,1640
2023-Jun,契税,移动端,2290
2023-Jun,学区房,PC端,1122
2023-Jun,学区房,移动端,1524
2023-Jun,安置,PC端,455
2023-Jun,安置,移动端,535
2023-Jun,房产税,PC端,2184
2023-Jun,房产税,移动端,2460
2023-Jun,房价,PC端,2166
2023-Jun,房价,移动端,7644
2023-Jun,房价上涨,PC端,246
2023-Jun,房价上涨,移动端,48
2023-Jun,房价下跌,PC端,1260
2023-Jun,房价下跌,移动端,972
2023-Jun,房价调控,PC端,48
2023-Jun,房价调控,移动端,0
2023-Jun,房价走势,PC端,1140
2023-Jun,房价走势,移动端,1122
2023-Jun,房地产开发,PC端,606
2023-Jun,房地产开发,移动端,348
2023-Jun,房地产税,PC端,1105
2023-Jun,房地产税,移动端,1110
2023-Jun,房屋装修,PC端,1050
2023-Jun,房屋装修,移动端,1470
2023-Jun,房贷,PC端,1782
2023-Jun,房贷,移动端,2454
2023-Jun,棚户区,PC端,750
2023-Jun,棚户区,移动端,500
2023-Jun,棚户区改造,PC端,825
2023-Jun,棚户区改造,移动端,245
2023-Jun,租购,PC端,0
2023-Jun,租购,移动端,0
2023-Jun,税费,PC端,865
2023-Jun,税费,移动端,760
2023-Jun,落户,PC端,550
2023-Jun,落户,移动端,590
2023-Jun,融资,PC端,1400
2023-Jun,融资,移动端,1770
2023-Jun,购房,PC端,498
2023-Jun,购房,移动端,444
2023-Jun,贷款利率,PC端,2082
2023-Jun,贷款利率,移动端,2832
2023-Jun,限售,PC端,160
2023-Jun,限售,移动端,40
2023-Jun,限购,PC端,606
2023-Jun,限购,移动端,552
2023-Jun,首付,PC端,648
2023-Jun,首付,移动端,1296
2023-Jul,买房,PC端,2124
2023-Jul,买房,移动端,23286
2023-Jul,二手房市场,PC端,144
2023-Jul,二手房市场,移动端,48
2023-Jul,公积金,PC端,4205
2023-Jul,公积金,移动端,8185
2023-Jul,利率上调,PC端,0
2023-Jul,利率上调,移动端,0
2023-Jul,去库存,PC端,325
2023-Jul,去库存,移动端,80
2023-Jul,取消限购,PC端,330
2023-Jul,取消限购,移动端,290
2023-Jul,契税,PC端,2270
2023-Jul,契税,移动端,2885
2023-Jul,学区房,PC端,1356
2023-Jul,学区房,移动端,1932
2023-Jul,安置,PC端,410
2023-Jul,安置,移动端,705
2023-Jul,房产税,PC端,2712
2023-Jul,房产税,移动端,2826
2023-Jul,房价,PC端,2496
2023-Jul,房价,移动端,7542
2023-Jul,房价上涨,PC端,450
2023-Jul,房价上涨,移动端,150
2023-Jul,房价下跌,PC端,996
2023-Jul,房价下跌,移动端,1104
2023-Jul,房价调控,PC端,0
2023-Jul,房价调控,移动端,0
2023-Jul,房价走势,PC端,1506
2023-Jul,房价走势,移动端,1266
2023-Jul,房地产开发,PC端,942
2023-Jul,房地产开发,移动端,750
2023-Jul,房地产税,PC端,1275
2023-Jul,房地产税,移动端,1175
2023-Jul,房屋装修,PC端,1368
2023-Jul,房屋装修,移动端,2598
2023-Jul,房贷,PC端,2250
2023-Jul,房贷,移动端,3108
2023-Jul,棚户区,PC端,1100
2023-Jul,棚户区,移动端,1005
2023-Jul,棚户区改造,PC端,850
2023-Jul,棚户区改造,移动端,545
2023-Jul,租购,PC端,0
2023-Jul,租购,移动端,0
2023-Jul,税费,PC端,1240
2023-Jul,税费,移动端,995
2023-Jul,落户,PC端,710
2023-Jul,落户,移动端,1095
2023-Jul,融资,PC端,1680
2023-Jul,融资,移动端,2035
2023-Jul,购房,PC端,828
2023-Jul,购房,移动端,756
2023-Jul,贷款利率,PC端,2466
2023-Jul,贷款利率,移动端,3294
2023-Jul,限售,PC端,205
2023-Jul,限售,移动端,80
2023-Jul,限购,PC端,546
2023-Jul,限购,移动端,438
2023-Jul,首付,PC端,1104
2023-Jul,首付,移动端,1422
2023-Aug,买房,PC端,1788
2023-Aug,买房,移动端,11040
2023-Aug,二手房市场,PC端,198
2023-Aug,二手房市场,移动端,0
2023-Aug,公积金,PC端,2985
2023-Aug,公积金,移动端,5485
2023-Aug,利率上调,PC端,40
2023-Aug,利率上调,移动端,40
2023-Aug,去库存,PC端,570
2023-Aug,去库存,移动端,245
2023-Aug,取消限购,PC端,380
2023-Aug,取消限购,移动端,415
2023-Aug,契税,PC端,1705
2023-Aug,契税,移动端,2250
2023-Aug,学区房,PC端,1272
2023-Aug,学区房,移动端,1512
2023-Aug,安置,PC端,210
2023-Aug,安置,移动端,415
2023-Aug,房产税,PC端,2088
2023-Aug,房产税,移动端,2262
2023-Aug,房价,PC端,2154
2023-Aug,房价,移动端,3912
2023-Aug,房价上涨,PC端,300
2023-Aug,房价上涨,移动端,258
2023-Aug,房价下跌,PC端,1014
2023-Aug,房价下跌,移动端,1308
2023-Aug,房价调控,PC端,48
2023-Aug,房价调控,移动端,0
2023-Aug,房价走势,PC端,972
2023-Aug,房价走势,移动端,966
2023-Aug,房地产开发,PC端,498
2023-Aug,房地产开发,移动端,552
2023-Aug,房地产税,PC端,705
2023-Aug,房地产税,移动端,935
2023-Aug,房屋装修,PC端,1104
2023-Aug,房屋装修,移动端,1902
2023-Aug,房贷,PC端,1908
2023-Aug,房贷,移动端,2622
2023-Aug,棚户区,PC端,805
2023-Aug,棚户区,移动端,465
2023-Aug,棚户区改造,PC端,665
2023-Aug,棚户区改造,移动端,410
2023-Aug,租购,PC端,0
2023-Aug,租购,移动端,0
2023-Aug,税费,PC端,875
2023-Aug,税费,移动端,955
2023-Aug,落户,PC端,625
2023-Aug,落户,移动端,555
2023-Aug,融资,PC端,1375
2023-Aug,融资,移动端,1585
2023-Aug,购房,PC端,606
2023-Aug,购房,移动端,510
2023-Aug,贷款利率,PC端,2064
2023-Aug,贷款利率,移动端,2892
2023-Aug,限售,PC端,205
2023-Aug,限售,移动端,120
2023-Aug,限购,PC端,600
2023-Aug,限购,移动端,642
2023-Aug,首付,PC端,720
2023-Aug,首付,移动端,1434
2023-Sep,买房,PC端,1698
2023-Sep,买房,移动端,11022
2023-Sep,二手房市场,PC端,144
2023-Sep,二手房市场,移动端,48
2023-Sep,公积金,PC端,2735
2023-Sep,公积金,移动端,5160
2023-Sep,利率上调,PC端,0
2023-Sep,利率上调,移动端,0
2023-Sep,去库存,PC端,245
2023-Sep,去库存,移动端,165
2023-Sep,取消限购,PC端,1105
2023-Sep,取消限购,移动端,895
2023-Sep,契税,PC端,1625
2023-Sep,契税,移动端,2290
2023-Sep,学区房,PC端,1128
2023-Sep,学区房,移动端,1458
2023-Sep,安置,PC端,325
2023-Sep,安置,移动端,580
2023-Sep,房产税,PC端,2118
2023-Sep,房产税,移动端,2418
2023-Sep,房价,PC端,1926
2023-Sep,房价,移动端,3870
2023-Sep,房价上涨,PC端,390
2023-Sep,房价上涨,移动端,144
2023-Sep,房价下跌,PC端,840
2023-Sep,房价下跌,移动端,648
2023-Sep,房价调控,PC端,0
2023-Sep,房价调控,移动端,0
2023-Sep,房价走势,PC端,942
2023-Sep,房价走势,移动端,918
2023-Sep,房地产开发,PC端,336
2023-Sep,房地产开发,移动端,246
2023-Sep,房地产税,PC端,1065
2023-Sep,房地产税,移动端,1145
2023-Sep,房屋装修,PC端,840
2023-Sep,房屋装修,移动端,4134
2023-Sep,房贷,PC端,2088
2023-Sep,房贷,移动端,3090
2023-Sep,棚户区,PC端,705
2023-Sep,棚户区,移动端,410
2023-Sep,棚户区改造,PC端,500
2023-Sep,棚户区改造,移动端,120
2023-Sep,租购,PC端,0
2023-Sep,租购,移动端,0
2023-Sep,税费,PC端,905
2023-Sep,税费,移动端,845
2023-Sep,落户,PC端,465
2023-Sep,落户,移动端,635
2023-Sep,融资,PC端,1385
2023-Sep,融资,移动端,1675
2023-Sep,购房,PC端,498
2023-Sep,购房,移动端,1134
2023-Sep,贷款利率,PC端,2190
2023-Sep,贷款利率,移动端,3168
2023-Sep,限售,PC端,280
2023-Sep,限售,移动端,160
2023-Sep,限购,PC端,1254
2023-Sep,限购,移动端,1368
2023-Sep,首付,PC端,822
2023-Sep,首付,移动端,1428
2023-Oct,买房,PC端,2070
2023-Oct,买房,移动端,17208
2023-Oct,二手房市场,PC端,198
2023-Oct,二手房市场,移动端,0
2023-Oct,公积金,PC端,3285
2023-Oct,公积金,移动端,5605
2023-Oct,利率上调,PC端,0
2023-Oct,利率上调,移动端,40
2023-Oct,去库存,PC端,535
2023-Oct,去库存,移动端,160
2023-Oct,取消限购,PC端,450
2023-Oct,取消限购,移动端,410
2023-Oct,契税,PC端,2015
2023-Oct,契税,移动端,2610
2023-Oct,学区房,PC端,1332
2023-Oct,学区房,移动端,1872
2023-Oct,安置,PC端,450
2023-Oct,安置,移动端,445
2023-Oct,房产税,PC端,2694
2023-Oct,房产税,移动端,2616
2023-Oct,房价,PC端,2526
2023-Oct,房价,移动端,3486
2023-Oct,房价上涨,PC端,384
2023-Oct,房价上涨,移动端,240
2023-Oct,房价下跌,PC端,1008
2023-Oct,房价下跌,移动端,912
2023-Oct,房价调控,PC端,0
2023-Oct,房价调控,移动端,0
2023-Oct,房价走势,PC端,1320
2023-Oct,房价走势,移动端,1224
2023-Oct,房地产开发,PC端,594
2023-Oct,房地产开发,移动端,540
2023-Oct,房地产税,PC端,875
2023-Oct,房地产税,移动端,770
2023-Oct,房屋装修,PC端,1218
2023-Oct,房屋装修,移动端,3876
2023-Oct,房贷,PC端,1998
2023-Oct,房贷,移动端,2652
2023-Oct,棚户区,PC端,915
2023-Oct,棚户区,移动端,710
2023-Oct,棚户区改造,PC端,630
2023-Oct,棚户区改造,移动端,285
2023-Oct,租购,PC端,0
2023-Oct,租购,移动端,0
2023-Oct,税费,PC端,990
2023-Oct,税费,移动端,955
2023-Oct,落户,PC端,580
2023-Oct,落户,移动端,500
2023-Oct,融资,PC端,1555
2023-Oct,融资,移动端,2040
2023-Oct,购房,PC端,444
2023-Oct,购房,移动端,810
2023-Oct,贷款利率,PC端,2184
2023-Oct,贷款利率,移动端,2580
2023-Oct,限售,PC端,80
2023-Oct,限售,移动端,80
2023-Oct,限购,PC端,840
2023-Oct,限购,移动端,738
2023-Oct,首付,PC端,750
2023-Oct,首付,移动端,1506
2023-Nov,买房,PC端,1710
2023-Nov,买房,移动端,17886
2023-Nov,二手房市场,PC端,48
2023-Nov,二手房市场,移动端,0
2023-Nov,公积金,PC端,2735
2023-Nov,公积金,移动端,4310
2023-Nov,利率上调,PC端,0
2023-Nov,利率上调,移动端,0
2023-Nov,去库存,PC端,295
2023-Nov,去库存,移动端,165
2023-Nov,取消限购,PC端,120
2023-Nov,取消限购,移动端,0
2023-Nov,契税,PC端,1630
2023-Nov,契税,移动端,2050
2023-Nov,学区房,PC端,1230
2023-Nov,学区房,移动端,1434
2023-Nov,安置,PC端,455
2023-Nov,安置,移动端,450
2023-Nov,房产税,PC端,1992
2023-Nov,房产税,移动端,2046
2023-Nov,房价,PC端,1938
2023-Nov,房价,移动端,2706
2023-Nov,房价上涨,PC端,144
2023-Nov,房价上涨,移动端,48
2023-Nov,房价下跌,PC端,714
2023-Nov,房价下跌,移动端,750
2023-Nov,房价调控,PC端,0
2023-Nov,房价调控,移动端,0
2023-Nov,房价走势,PC端,804
2023-Nov,房价走势,移动端,786
2023-Nov,房地产开发,PC端,552
2023-Nov,房地产开发,移动端,144
2023-Nov,房地产税,PC端,620
2023-Nov,房地产税,移动端,750
2023-Nov,房屋装修,PC端,996
2023-Nov,房屋装修,移动端,1212
2023-Nov,房贷,PC端,1524
2023-Nov,房贷,移动端,1974
2023-Nov,棚户区,PC端,625
2023-Nov,棚户区,移动端,490
2023-Nov,棚户区改造,PC端,495
2023-Nov,棚户区改造,移动端,130
2023-Nov,租购,PC端,0
2023-Nov,租购,移动端,0
2023-Nov,税费,PC端,1005
2023-Nov,税费,移动端,680
2023-Nov,落户,PC端,630
2023-Nov,落户,移动端,575
2023-Nov,融资,PC端,1320
2023-Nov,融资,移动端,1640
2023-Nov,购房,PC端,642
2023-Nov,购房,移动端,570
2023-Nov,贷款利率,PC端,1620
2023-Nov,贷款利率,移动端,1908
2023-Nov,限售,PC端,40
2023-Nov,限售,移动端,0
2023-Nov,限购,PC端,390
2023-Nov,限购,移动端,96
2023-Nov,首付,PC端,534
2023-Nov,首付,移动端,990
2023-Dec,买房,PC端,1572
2023-Dec,买房,移动端,2754
2023-Dec,二手房市场,PC端,96
2023-Dec,二手房市场,移动端,0
2023-Dec,公积金,PC端,2655
2023-Dec,公积金,移动端,3960
2023-Dec,利率上调,PC端,125
2023-Dec,利率上调,移动端,0
2023-Dec,去库存,PC端,415
2023-Dec,去库存,移动端,40
2023-Dec,取消限购,PC端,415
2023-Dec,取消限购,移动端,0
2023-Dec,契税,PC端,1585
2023-Dec,契税,移动端,1995
2023-Dec,学区房,PC端,912
2023-Dec,学区房,移动端,1374
2023-Dec,安置,PC端,490
2023-Dec,安置,移动端,370
2023-Dec,房产税,PC端,2022
2023-Dec,房产税,移动端,2016
2023-Dec,房价,PC端,1938
2023-Dec,房价,移动端,3276
2023-Dec,房价上涨,PC端,192
2023-Dec,房价上涨,移动端,48
2023-Dec,房价下跌,PC端,864
2023-Dec,房价下跌,移动端,858
2023-Dec,房价调控,PC端,0
2023-Dec,房价调控,移动端,0
2023-Dec,房价走势,PC端,966
2023-Dec,房价走势,移动端,594
2023-Dec,房地产开发,PC端,396
2023-Dec,房地产开发,移动端,150
2023-Dec,房地产税,PC端,840
2023-Dec,房地产税,移动端,710
2023-Dec,房屋装修,PC端,756
2023-Dec,房屋装修,移动端,972
2023-Dec,房贷,PC端,1410
2023-Dec,房贷,移动端,1992
2023-Dec,棚户区,PC端,495
2023-Dec,棚户区,移动端,340
2023-Dec,棚户区改造,PC端,585
2023-Dec,棚户区改造,移动端,125
2023-Dec,租购,PC端,0
2023-Dec,租购,移动端,0
2023-Dec,税费,PC端,960
2023-Dec,税费,移动端,595
2023-Dec,落户,PC端,460
2023-Dec,落户,移动端,455
2023-Dec,融资,PC端,1280
2023-Dec,融资,移动端,1555
2023-Dec,购房,PC端,390
2023-Dec,购房,移动端,288
2023-Dec,贷款利率,PC端,1716
2023-Dec,贷款利率,移动端,2004
2023-Dec,限售,PC端,160
2023-Dec,限售,移动端,40
2023-Dec,限购,PC端,192
2023-Dec,限购,移动端,198
2023-Dec,首付,PC端,498
2023-Dec,首付,移动端,900
2024-Jan,买房,PC端,2004
2024-Jan,买房,移动端,17484
2024-Jan,二手房市场,PC端,192
2024-Jan,二手房市场,移动端,48
2024-Jan,公积金,PC端,3215
2024-Jan,公积金,移动端,4895
2024-Jan,利率上调,PC端,0
2024-Jan,利率上调,移动端,0
2024-Jan,去库存,PC端,365
2024-Jan,去库存,移动端,80
2024-Jan,取消限购,PC端,295
2024-Jan,取消限购,移动端,370
2024-Jan,契税,PC端,1930
2024-Jan,契税,移动端,2360
2024-Jan,学区房,PC端,1230
2024-Jan,学区房,移动端,1542
2024-Jan,安置,PC端,245
2024-Jan,安置,移动端,450
2024-Jan,房产税,PC端,2430
2024-Jan,房产税,移动端,2298
2024-Jan,房价,PC端,2442
2024-Jan,房价,移动端,3222
2024-Jan,房价上涨,PC端,0
2024-Jan,房价上涨,移动端,96
2024-Jan,房价下跌,PC端,1002
2024-Jan,房价下跌,移动端,606
2024-Jan,房价调控,PC端,0
2024-Jan,房价调控,移动端,0
2024-Jan,房价走势,PC端,1212
2024-Jan,房价走势,移动端,1152
2024-Jan,房地产开发,PC端,636
2024-Jan,房地产开发,移动端,540
2024-Jan,房地产税,PC端,795
2024-Jan,房地产税,移动端,530
2024-Jan,房屋装修,PC端,750
2024-Jan,房屋装修,移动端,1302
2024-Jan,房贷,PC端,1776
2024-Jan,房贷,移动端,2496
2024-Jan,棚户区,PC端,675
2024-Jan,棚户区,移动端,610
2024-Jan,棚户区改造,PC端,370
2024-Jan,棚户区改造,移动端,295
2024-Jan,租购,PC端,0
2024-Jan,租购,移动端,0
2024-Jan,税费,PC端,1015
2024-Jan,税费,移动端,880
2024-Jan,落户,PC端,615
2024-Jan,落户,移动端,495
2024-Jan,融资,PC端,1675
2024-Jan,融资,移动端,1880
2024-Jan,购房,PC端,678
2024-Jan,购房,移动端,840
2024-Jan,贷款利率,PC端,2124
2024-Jan,贷款利率,移动端,2478
2024-Jan,限售,PC端,240
2024-Jan,限售,移动端,120
2024-Jan,限购,PC端,456
2024-Jan,限购,移动端,768
2024-Jan,首付,PC端,588
2024-Jan,首付,移动端,1368
2024-Feb,买房,PC端,1500
2024-Feb,买房,移动端,4854
2024-Feb,二手房市场,PC端,48
2024-Feb,二手房市场,移动端,0
2024-Feb,公积金,PC端,2180
2024-Feb,公积金,移动端,3630
2024-Feb,利率上调,PC端,0
2024-Feb,利率上调,移动端,0
2024-Feb,去库存,PC端,200
2024-Feb,去库存,移动端,40
2024-Feb,取消限购,PC端,175
2024-Feb,取消限购,移动端,125
2024-Feb,契税,PC端,1295
2024-Feb,契税,移动端,1660
2024-Feb,学区房,PC端,798
2024-Feb,学区房,移动端,1146
2024-Feb,安置,PC端,285
2024-Feb,安置,移动端,245
2024-Feb,房产税,PC端,1620
2024-Feb,房产税,移动端,1686
2024-Feb,房价,PC端,1818
2024-Feb,房价,移动端,2394
2024-Feb,房价上涨,PC端,150
2024-Feb,房价上涨,移动端,96
2024-Feb,房价下跌,PC端,600
2024-Feb,房价下跌,移动端,252
2024-Feb,房价调控,PC端,0
2024-Feb,房价调控,移动端,0
2024-Feb,房价走势,PC端,804
2024-Feb,房价走势,移动端,750
2024-Feb,房地产开发,PC端,96
2024-Feb,房地产开发,移动端,246
2024-Feb,房地产税,PC端,205
2024-Feb,房地产税,移动端,290
2024-Feb,房屋装修,PC端,540
2024-Feb,房屋装修,移动端,996
2024-Feb,房贷,PC端,1416
2024-Feb,房贷,移动端,2130
2024-Feb,棚户区,PC端,330
2024-Feb,棚户区,移动端,170
2024-Feb,棚户区改造,PC端,285
2024-Feb,棚户区改造,移动端,40
2024-Feb,租购,PC端,0
2024-Feb,租购,移动端,0
2024-Feb,税费,PC端,630
2024-Feb,税费,移动端,490
2024-Feb,落户,PC端,525
2024-Feb,落户,移动端,280
2024-Feb,融资,PC端,1110
2024-Feb,融资,移动端,1475
2024-Feb,购房,PC端,594
2024-Feb,购房,移动端,756
2024-Feb,贷款利率,PC端,1920
2024-Feb,贷款利率,移动端,2532
2024-Feb,限售,PC端,80
2024-Feb,限售,移动端,0
2024-Feb,限购,PC端,396
2024-Feb,限购,移动端,192
2024-Feb,首付,PC端,540
2024-Feb,首付,移动端,1068
2024-Mar,买房,PC端,1692
2024-Mar,买房,移动端,2928
2024-Mar,二手房市场,PC端,96
2024-Mar,二手房市场,移动端,0
2024-Mar,公积金,PC端,2780
2024-Mar,公积金,移动端,4740
2024-Mar,利率上调,PC端,210
2024-Mar,利率上调,移动端,140
2024-Mar,去库存,PC端,330
2024-Mar,去库存,移动端,40
2024-Mar,取消限购,PC端,125
2024-Mar,取消限购,移动端,160
2024-Mar,契税,PC端,1700
2024-Mar,契税,移动端,2055
2024-Mar,学区房,PC端,804
2024-Mar,学区房,移动端,1338
2024-Mar,安置,PC端,285
2024-Mar,安置,移动端,205
2024-Mar,房产税,PC端,2076
2024-Mar,房产税,移动端,1962
2024-Mar,房价,PC端,1938
2024-Mar,房价,移动端,2406
2024-Mar,房价上涨,PC端,0
2024-Mar,房价上涨,移动端,150
2024-Mar,房价下跌,PC端,702
2024-Mar,房价下跌,移动端,1020
2024-Mar,房价调控,PC端,0
2024-Mar,房价调控,移动端,0
2024-Mar,房价走势,PC端,972
2024-Mar,房价走势,移动端,1158
2024-Mar,房地产开发,PC端,444
2024-Mar,房地产开发,移动端,144
2024-Mar,房地产税,PC端,760
2024-Mar,房地产税,移动端,670
2024-Mar,房屋装修,PC端,948
2024-Mar,房屋装修,移动端,1458
2024-Mar,房贷,PC端,1608
2024-Mar,房贷,移动端,2220
2024-Mar,棚户区,PC端,790
2024-Mar,棚户区,移动端,625
2024-Mar,棚户区改造,PC端,580
2024-Mar,棚户区改造,移动端,205
2024-Mar,租购,PC端,0
2024-Mar,租购,移动端,0
2024-Mar,税费,PC端,1030
2024-Mar,税费,移动端,890
2024-Mar,落户,PC端,540
2024-Mar,落户,移动端,625
2024-Mar,融资,PC端,1340
2024-Mar,融资,移动端,1700
2024-Mar,购房,PC端,444
2024-Mar,购房,移动端,402
2024-Mar,贷款利率,PC端,1944
2024-Mar,贷款利率,移动端,2550
2024-Mar,限售,PC端,80
2024-Mar,限售,移动端,40
2024-Mar,限购,PC端,300
2024-Mar,限购,移动端,192
2024-Mar,首付,PC端,846
2024-Mar,首付,移动端,1062
2024-Apr,买房,PC端,2070
2024-Apr,买房,移动端,3156
2024-Apr,二手房市场,PC端,144
2024-Apr,二手房市场,移动端,0
2024-Apr,公积金,PC端,3185
2024-Apr,公积金,移动端,4960
2024-Apr,利率上调,PC端,40
2024-Apr,利率上调,移动端,0
2024-Apr,去库存,PC端,500
2024-Apr,去库存,移动端,425
2024-Apr,取消限购,PC端,215
2024-Apr,取消限购,移动端,220
2024-Apr,契税,PC端,1990
2024-Apr,契税,移动端,2445
2024-Apr,学区房,PC端,1092
2024-Apr,学区房,移动端,1536
2024-Apr,安置,PC端,455
2024-Apr,安置,移动端,495
2024-Apr,房产税,PC端,2376
2024-Apr,房产税,移动端,2388
2024-Apr,房价,PC端,2346
2024-Apr,房价,移动端,2868
2024-Apr,房价上涨,PC端,288
2024-Apr,房价上涨,移动端,252
2024-Apr,房价下跌,PC端,1008
2024-Apr,房价下跌,移动端,1002
2024-Apr,房价调控,PC端,48
2024-Apr,房价调控,移动端,0
2024-Apr,房价走势,PC端,1158
2024-Apr,房价走势,移动端,1056
2024-Apr,房地产开发,PC端,444
2024-Apr,房地产开发,移动端,198
2024-Apr,房地产税,PC端,835
2024-Apr,房地产税,移动端,530
2024-Apr,房屋装修,PC端,846
2024-Apr,房屋装修,移动端,1494
2024-Apr,房贷,PC端,1926
2024-Apr,房贷,移动端,2460
2024-Apr,棚户区,PC端,870
2024-Apr,棚户区,移动端,710
2024-Apr,棚户区改造,PC端,705
2024-Apr,棚户区改造,移动端,285
2024-Apr,租购,PC端,0
2024-Apr,租购,移动端,0
2024-Apr,税费,PC端,960
2024-Apr,税费,移动端,785
2024-Apr,落户,PC端,500
2024-Apr,落户,移动端,655
2024-Apr,融资,PC端,1480
2024-Apr,融资,移动端,1945
2024-Apr,购房,PC端,636
2024-Apr,购房,移动端,1032
2024-Apr,贷款利率,PC端,2040
2024-Apr,贷款利率,移动端,2580
2024-Apr,限售,PC端,80
2024-Apr,限售,移动端,40
2024-Apr,限购,PC端,540
2024-Apr,限购,移动端,150
2024-Apr,首付,PC端,684
2024-Apr,首付,移动端,1056
2024-May,买房,PC端,1812
2024-May,买房,移动端,2928
2024-May,二手房市场,PC端,48
2024-May,二手房市场,移动端,0
2024-May,公积金,PC端,3125
2024-May,公积金,移动端,4425
2024-May,利率上调,PC端,0
2024-May,利率上调,移动端,0
2024-May,去库存,PC端,770
2024-May,去库存,移动端,375
2024-May,取消限购,PC端,710
2024-May,取消限购,移动端,315
2024-May,契税,PC端,1745
2024-May,契税,移动端,2290
2024-May,学区房,PC端,942
2024-May,学区房,移动端,1302
2024-May,安置,PC端,495
2024-May,安置,移动端,370
2024-May,房产税,PC端,2088
2024-May,房产税,移动端,2166
2024-May,房价,PC端,2058
2024-May,房价,移动端,2526
2024-May,房价上涨,PC端,456
2024-May,房价上涨,移动端,204
2024-May,房价下跌,PC端,702
2024-May,房价下跌,移动端,546
2024-May,房价调控,PC端,0
2024-May,房价调控,移动端,0
2024-May,房价走势,PC端,1134
2024-May,房价走势,移动端,912
2024-May,房地产开发,PC端,948
2024-May,房地产开发,移动端,402
2024-May,房地产税,PC端,940
2024-May,房地产税,移动端,850
2024-May,房屋装修,PC端,846
2024-May,房屋装修,移动端,1710
2024-May,房贷,PC端,1770
2024-May,房贷,移动端,2238
2024-May,棚户区,PC端,710
2024-May,棚户区,移动端,455
2024-May,棚户区改造,PC端,410
2024-May,棚户区改造,移动端,245
2024-May,租购,PC端,0
2024-May,租购,移动端,0
2024-May,税费,PC端,1085
2024-May,税费,移动端,750
2024-May,落户,PC端,535
2024-May,落户,移动端,660
2024-May,融资,PC端,1330
2024-May,融资,移动端,1555
2024-May,购房,PC端,594
2024-May,购房,移动端,1266
2024-May,贷款利率,PC端,2088
2024-May,贷款利率,移动端,2592
2024-May,限售,PC端,160
2024-May,限售,移动端,85
2024-May,限购,PC端,978
2024-May,限购,移动端,672
2024-May,首付,PC端,1242
2024-May,首付,移动端,1452
2024-Jun,买房,PC端,1650
2024-Jun,买房,移动端,9774
2024-Jun,二手房市场,PC端,192
2024-Jun,二手房市场,移动端,0
2024-Jun,公积金,PC端,2685
2024-Jun,公积金,移动端,4015
2024-Jun,利率上调,PC端,0
2024-Jun,利率上调,移动端,0
2024-Jun,去库存,PC端,535
2024-Jun,去库存,移动端,120
2024-Jun,取消限购,PC端,80
2024-Jun,取消限购,移动端,0
2024-Jun,契税,PC端,1570
2024-Jun,契税,移动端,1855
2024-Jun,学区房,PC端,918
2024-Jun,学区房,移动端,1200
2024-Jun,安置,PC端,120
2024-Jun,安置,移动端,205
2024-Jun,房产税,PC端,2010
2024-Jun,房产税,移动端,1908
2024-Jun,房价,PC端,1764
2024-Jun,房价,移动端,2226
2024-Jun,房价上涨,PC端,288
2024-Jun,房价上涨,移动端,192
2024-Jun,房价下跌,PC端,498
2024-Jun,房价下跌,移动端,546
2024-Jun,房价调控,PC端,0
2024-Jun,房价调控,移动端,0
2024-Jun,房价走势,PC端,768
2024-Jun,房价走势,移动端,942
2024-Jun,房地产开发,PC端,252
2024-Jun,房地产开发,移动端,390
2024-Jun,房地产税,PC端,635
2024-Jun,房地产税,移动端,450
2024-Jun,房屋装修,PC端,852
2024-Jun,房屋装修,移动端,1464
2024-Jun,房贷,PC端,1608
2024-Jun,房贷,移动端,2070
2024-Jun,棚户区,PC端,340
2024-Jun,棚户区,移动端,330
2024-Jun,棚户区改造,PC端,245
2024-Jun,棚户区改造,移动端,0
2024-Jun,租购,PC端,0
2024-Jun,租购,移动端,0
2024-Jun,税费,PC端,950
2024-Jun,税费,移动端,620
2024-Jun,落户,PC端,420
2024-Jun,落户,移动端,370
2024-Jun,融资,PC端,1280
2024-Jun,融资,移动端,1500
2024-Jun,购房,PC端,456
2024-Jun,购房,移动端,1044
2024-Jun,贷款利率,PC端,1794
2024-Jun,贷款利率,移动端,2184
2024-Jun,限售,PC端,40
2024-Jun,限售,移动端,40
2024-Jun,限购,PC端,336
2024-Jun,限购,移动端,96
2024-Jun,首付,PC端,648
2024-Jun,首付,移动端,1212
2024-Jul,买房,PC端,1952
2024-Jul,买房,移动端,4985
2024-Jul,二手房市场,PC端,107
2024-Jul,二手房市场,移动端,0
2024-Jul,公积金,PC端,3895
2024-Jul,公积金,移动端,6315
2024-Jul,利率上调,PC端,40
2024-Jul,利率上调,移动端,0
2024-Jul,去库存,PC端,530
2024-Jul,去库存,移动端,40
2024-Jul,取消限购,PC端,165
2024-Jul,取消限购,移动端,80
2024-Jul,契税,PC端,1890
2024-Jul,契税,移动端,2340
2024-Jul,学区房,PC端,1208
2024-Jul,学区房,移动端,1322
2024-Jul,安置,PC端,450
2024-Jul,安置,移动端,615
2024-Jul,房产税,PC端,2911
2024-Jul,房产税,移动端,2861
2024-Jul,房价,PC端,2114
2024-Jul,房价,移动端,2547
2024-Jul,房价上涨,PC端,198
2024-Jul,房价上涨,移动端,192
2024-Jul,房价下跌,PC端,1080
2024-Jul,房价下跌,移动端,697
2024-Jul,房价调控,PC端,0
2024-Jul,房价调控,移动端,0
2024-Jul,房价走势,PC端,1227
2024-Jul,房价走势,移动端,827
2024-Jul,房地产开发,PC端,269
2024-Jul,房地产开发,移动端,192
2024-Jul,房地产税,PC端,1095
2024-Jul,房地产税,移动端,1100
2024-Jul,房屋装修,PC端,1113
2024-Jul,房屋装修,移动端,2318
2024-Jul,房贷,PC端,1976
2024-Jul,房贷,移动端,2510
2024-Jul,棚户区,PC端,535
2024-Jul,棚户区,移动端,420
2024-Jul,棚户区改造,PC端,415
2024-Jul,棚户区改造,移动端,80
2024-Jul,租购,PC端,0
2024-Jul,租购,移动端,0
2024-Jul,税费,PC端,1410
2024-Jul,税费,移动端,785
2024-Jul,落户,PC端,855
2024-Jul,落户,移动端,500
2024-Jul,融资,PC端,1380
2024-Jul,融资,移动端,1895
2024-Jul,购房,PC端,694
2024-Jul,购房,移动端,846
2024-Jul,贷款利率,PC端,2284
2024-Jul,贷款利率,移动端,2665
2024-Jul,限售,PC端,0
2024-Jul,限售,移动端,40
2024-Jul,限购,PC端,203
2024-Jul,限购,移动端,155
2024-Jul,首付,PC端,739
2024-Jul,首付,移动端,1471
